category,split,key,value,detail
meta,,generated_at,2026-09-29 21:33:23,
meta,,dataset_root,D:\visual.code\light_pollution\data,
meta,,layout_style,split_first,
meta,,data_yaml,D:\visual.code\light_pollution\data\data.yaml,
meta,,num_classes,3,
meta,,class_names,light_signboard|lighting|streetlight,
meta,,dataset_found,True,
split,train,image_count,4462,
split,train,labeled_images,4323,
split,train,background_images,139,
split,train,missing_label_files,0,
split,train,box_count,22971,
split,train,orphan_label_files,0,
split_class,train,light_signboard,9048,bbox 개수
split_class,train,lighting,12505,bbox 개수
split_class,train,streetlight,1418,bbox 개수
split,val,image_count,1161,
split,val,labeled_images,1125,
split,val,background_images,36,
split,val,missing_label_files,0,
split,val,box_count,5634,
split,val,orphan_label_files,0,
split_class,val,light_signboard,2336,bbox 개수
split_class,val,lighting,3095,bbox 개수
split_class,val,streetlight,203,bbox 개수
split,test,image_count,579,
split,test,labeled_images,570,
split,test,background_images,9,
split,test,missing_label_files,0,
split,test,box_count,3201,
split,test,orphan_label_files,0,
split_class,test,light_signboard,1281,bbox 개수
split_class,test,lighting,1751,bbox 개수
split_class,test,streetlight,169,bbox 개수
total,,images,6202,
total,,labeled_images,6018,
total,,boxes,31806,
total,,missing_label_files,0,
total,,empty_label_files,184,
total,,orphan_label_files,0,
class_total,,light_signboard,12665,bbox 개수
class_total,,lighting,17351,bbox 개수
class_total,,streetlight,1790,bbox 개수
class_balance,,light_signboard,0.3982,최다 대비 0.7299
class_balance,,lighting,0.5455,최다 대비 1.0
class_balance,,streetlight,0.0563,최다 대비 0.1032
size_distribution,,small,13387,COCO 면적 기준
size_distribution,,medium,8074,COCO 면적 기준
size_distribution,,large,10345,COCO 면적 기준
size_distribution,,unknown,0,COCO 면적 기준
issue_count,,polygon_label,490,
issue,train,polygon_label,D:\visual.code\light_pollution\data\train\labels\20251212_182643_jpg.rf.6b4cc40cd03945c91b5fdb974639dad2.txt,line 2: 폴리곤 라벨(10개 점)을 외접 bbox 로 변환했습니다.
issue,train,polygon_label,D:\visual.code\light_pollution\data\train\labels\20251212_182849_jpg.rf.3fad7c6f20c24099237d9112f0b0f626.txt,line 1: 폴리곤 라벨(5개 점)을 외접 bbox 로 변환했습니다.
issue,train,polygon_label,D:\visual.code\light_pollution\data\train\labels\20251212_182906_jpg.rf.e26b404b899da240b4eaaab65235ad4e.txt,line 1: 폴리곤 라벨(5개 점)을 외접 bbox 로 변환했습니다.
issue,train,polygon_label,D:\visual.code\light_pollution\data\train\labels\20251212_182906_jpg.rf.e26b404b899da240b4eaaab65235ad4e.txt,line 2: 폴리곤 라벨(5개 점)을 외접 bbox 로 변환했습니다.
issue,train,polygon_label,D:\visual.code\light_pollution\data\train\labels\20251212_183014_jpg.rf.78e694e987b00a397d2e07e8bf4ef404.txt,line 2: 폴리곤 라벨(7개 점)을 외접 bbox 로 변환했습니다.
issue,train,polygon_label,D:\visual.code\light_pollution\data\train\labels\20251212_183034_jpg.rf.2faf6ebe5314ed6f7e8b62cc2200043d.txt,line 1: 폴리곤 라벨(7개 점)을 외접 bbox 로 변환했습니다.
issue,train,polygon_label,D:\visual.code\light_pollution\data\train\labels\20251212_183349_jpg.rf.37652663e31ba11d828b0aa24fcecd94.txt,line 1: 폴리곤 라벨(5개 점)을 외접 bbox 로 변환했습니다.
issue,train,polygon_label,D:\visual.code\light_pollution\data\train\labels\20251212_183349_jpg.rf.37652663e31ba11d828b0aa24fcecd94.txt,line 2: 폴리곤 라벨(6개 점)을 외접 bbox 로 변환했습니다.
issue,train,polygon_label,D:\visual.code\light_pollution\data\train\labels\20251212_183349_jpg.rf.37652663e31ba11d828b0aa24fcecd94.txt,line 3: 폴리곤 라벨(9개 점)을 외접 bbox 로 변환했습니다.
issue,train,polygon_label,D:\visual.code\light_pollution\data\train\labels\20251212_183349_jpg.rf.37652663e31ba11d828b0aa24fcecd94.txt,line 4: 폴리곤 라벨(5개 점)을 외접 bbox 로 변환했습니다.
issue,train,polygon_label,D:\visual.code\light_pollution\data\train\labels\20251212_183708_jpg.rf.8091df5b943f0347709f1ea002579909.txt,line 1: 폴리곤 라벨(5개 점)을 외접 bbox 로 변환했습니다.
issue,train,polygon_label,D:\visual.code\light_pollution\data\train\labels\20251212_183822_jpg.rf.d01ab199074c8503e7e3595e7178120e.txt,line 1: 폴리곤 라벨(6개 점)을 외접 bbox 로 변환했습니다.
issue,train,polygon_label,D:\visual.code\light_pollution\data\train\labels\20251212_183822_jpg.rf.d01ab199074c8503e7e3595e7178120e.txt,line 2: 폴리곤 라벨(5개 점)을 외접 bbox 로 변환했습니다.
issue,train,polygon_label,D:\visual.code\light_pollution\data\train\labels\20251212_183822_jpg.rf.d01ab199074c8503e7e3595e7178120e.txt,line 3: 폴리곤 라벨(5개 점)을 외접 bbox 로 변환했습니다.
issue,train,polygon_label,D:\visual.code\light_pollution\data\train\labels\20251212_183822_jpg.rf.d01ab199074c8503e7e3595e7178120e.txt,line 4: 폴리곤 라벨(5개 점)을 외접 bbox 로 변환했습니다.
issue,train,polygon_label,D:\visual.code\light_pollution\data\train\labels\20251212_183825_jpg.rf.9f50f9ee8124dc406874bf2dbbd4e846.txt,line 1: 폴리곤 라벨(6개 점)을 외접 bbox 로 변환했습니다.
issue,train,polygon_label,D:\visual.code\light_pollution\data\train\labels\20251212_183825_jpg.rf.9f50f9ee8124dc406874bf2dbbd4e846.txt,line 2: 폴리곤 라벨(8개 점)을 외접 bbox 로 변환했습니다.
issue,train,polygon_label,D:\visual.code\light_pollution\data\train\labels\20251212_183825_jpg.rf.9f50f9ee8124dc406874bf2dbbd4e846.txt,line 3: 폴리곤 라벨(14개 점)을 외접 bbox 로 변환했습니다.
issue,train,polygon_label,D:\visual.code\light_pollution\data\train\labels\20251212_183825_jpg.rf.9f50f9ee8124dc406874bf2dbbd4e846.txt,line 4: 폴리곤 라벨(10개 점)을 외접 bbox 로 변환했습니다.
issue,train,polygon_label,D:\visual.code\light_pollution\data\train\labels\20251212_183825_jpg.rf.9f50f9ee8124dc406874bf2dbbd4e846.txt,line 5: 폴리곤 라벨(6개 점)을 외접 bbox 로 변환했습니다.
issue,train,polygon_label,D:\visual.code\light_pollution\data\train\labels\20251212_183825_jpg.rf.9f50f9ee8124dc406874bf2dbbd4e846.txt,line 6: 폴리곤 라벨(5개 점)을 외접 bbox 로 변환했습니다.
issue,train,polygon_label,D:\visual.code\light_pollution\data\train\labels\20251212_183825_jpg.rf.9f50f9ee8124dc406874bf2dbbd4e846.txt,line 7: 폴리곤 라벨(15개 점)을 외접 bbox 로 변환했습니다.
issue,train,polygon_label,D:\visual.code\light_pollution\data\train\labels\20251212_183825_jpg.rf.9f50f9ee8124dc406874bf2dbbd4e846.txt,line 8: 폴리곤 라벨(7개 점)을 외접 bbox 로 변환했습니다.
issue,train,polygon_label,D:\visual.code\light_pollution\data\train\labels\20251212_183825_jpg.rf.9f50f9ee8124dc406874bf2dbbd4e846.txt,line 9: 폴리곤 라벨(6개 점)을 외접 bbox 로 변환했습니다.
issue,train,polygon_label,D:\visual.code\light_pollution\data\train\labels\20251212_183825_jpg.rf.9f50f9ee8124dc406874bf2dbbd4e846.txt,line 10: 폴리곤 라벨(5개 점)을 외접 bbox 로 변환했습니다.
issue,train,polygon_label,D:\visual.code\light_pollution\data\train\labels\20251212_183825_jpg.rf.9f50f9ee8124dc406874bf2dbbd4e846.txt,line 11: 폴리곤 라벨(6개 점)을 외접 bbox 로 변환했습니다.
issue,train,polygon_label,D:\visual.code\light_pollution\data\train\labels\20251212_183825_jpg.rf.9f50f9ee8124dc406874bf2dbbd4e846.txt,line 12: 폴리곤 라벨(6개 점)을 외접 bbox 로 변환했습니다.
issue,train,polygon_label,D:\visual.code\light_pollution\data\train\labels\20251212_183825_jpg.rf.9f50f9ee8124dc406874bf2dbbd4e846.txt,line 13: 폴리곤 라벨(7개 점)을 외접 bbox 로 변환했습니다.
issue,train,polygon_label,D:\visual.code\light_pollution\data\train\labels\20251212_183825_jpg.rf.9f50f9ee8124dc406874bf2dbbd4e846.txt,line 14: 폴리곤 라벨(5개 점)을 외접 bbox 로 변환했습니다.
issue,train,polygon_label,D:\visual.code\light_pollution\data\train\labels\20251212_183825_jpg.rf.9f50f9ee8124dc406874bf2dbbd4e846.txt,line 15: 폴리곤 라벨(7개 점)을 외접 bbox 로 변환했습니다.
issue,train,polygon_label,D:\visual.code\light_pollution\data\train\labels\20251212_183825_jpg.rf.9f50f9ee8124dc406874bf2dbbd4e846.txt,line 16: 폴리곤 라벨(6개 점)을 외접 bbox 로 변환했습니다.
issue,train,polygon_label,D:\visual.code\light_pollution\data\train\labels\20251212_183825_jpg.rf.9f50f9ee8124dc406874bf2dbbd4e846.txt,line 17: 폴리곤 라벨(7개 점)을 외접 bbox 로 변환했습니다.
issue,train,polygon_label,D:\visual.code\light_pollution\data\train\labels\20251212_183825_jpg.rf.9f50f9ee8124dc406874bf2dbbd4e846.txt,line 18: 폴리곤 라벨(23개 점)을 외접 bbox 로 변환했습니다.
issue,train,polygon_label,D:\visual.code\light_pollution\data\train\labels\20251212_183825_jpg.rf.9f50f9ee8124dc406874bf2dbbd4e846.txt,line 19: 폴리곤 라벨(8개 점)을 외접 bbox 로 변환했습니다.
issue,train,polygon_label,D:\visual.code\light_pollution\data\train\labels\20251212_183825_jpg.rf.9f50f9ee8124dc406874bf2dbbd4e846.txt,line 20: 폴리곤 라벨(8개 점)을 외접 bbox 로 변환했습니다.
issue,train,polygon_label,D:\visual.code\light_pollution\data\train\labels\20251212_183825_jpg.rf.9f50f9ee8124dc406874bf2dbbd4e846.txt,line 21: 폴리곤 라벨(5개 점)을 외접 bbox 로 변환했습니다.
issue,train,polygon_label,D:\visual.code\light_pollution\data\train\labels\20251212_183825_jpg.rf.9f50f9ee8124dc406874bf2dbbd4e846.txt,line 22: 폴리곤 라벨(10개 점)을 외접 bbox 로 변환했습니다.
issue,train,polygon_label,D:\visual.code\light_pollution\data\train\labels\20251212_183825_jpg.rf.9f50f9ee8124dc406874bf2dbbd4e846.txt,line 23: 폴리곤 라벨(6개 점)을 외접 bbox 로 변환했습니다.
issue,train,polygon_label,D:\visual.code\light_pollution\data\train\labels\20251212_183825_jpg.rf.9f50f9ee8124dc406874bf2dbbd4e846.txt,line 24: 폴리곤 라벨(7개 점)을 외접 bbox 로 변환했습니다.
issue,train,polygon_label,D:\visual.code\light_pollution\data\train\labels\20251212_183825_jpg.rf.9f50f9ee8124dc406874bf2dbbd4e846.txt,line 25: 폴리곤 라벨(7개 점)을 외접 bbox 로 변환했습니다.
issue,train,polygon_label,D:\visual.code\light_pollution\data\train\labels\20251212_183825_jpg.rf.9f50f9ee8124dc406874bf2dbbd4e846.txt,line 26: 폴리곤 라벨(9개 점)을 외접 bbox 로 변환했습니다.
issue,train,polygon_label,D:\visual.code\light_pollution\data\train\labels\20251212_183825_jpg.rf.9f50f9ee8124dc406874bf2dbbd4e846.txt,line 27: 폴리곤 라벨(8개 점)을 외접 bbox 로 변환했습니다.
issue,train,polygon_label,D:\visual.code\light_pollution\data\train\labels\20251212_183825_jpg.rf.9f50f9ee8124dc406874bf2dbbd4e846.txt,line 28: 폴리곤 라벨(10개 점)을 외접 bbox 로 변환했습니다.
issue,train,polygon_label,D:\visual.code\light_pollution\data\train\labels\20251212_183825_jpg.rf.9f50f9ee8124dc406874bf2dbbd4e846.txt,line 29: 폴리곤 라벨(12개 점)을 외접 bbox 로 변환했습니다.
issue,train,polygon_label,D:\visual.code\light_pollution\data\train\labels\20251212_183825_jpg.rf.9f50f9ee8124dc406874bf2dbbd4e846.txt,line 30: 폴리곤 라벨(20개 점)을 외접 bbox 로 변환했습니다.
issue,train,polygon_label,D:\visual.code\light_pollution\data\train\labels\20251212_183832_jpg.rf.2fd254857ffc1c99aa1a91293bb298c9.txt,line 1: 폴리곤 라벨(5개 점)을 외접 bbox 로 변환했습니다.
issue,train,polygon_label,D:\visual.code\light_pollution\data\train\labels\20251212_183832_jpg.rf.2fd254857ffc1c99aa1a91293bb298c9.txt,line 6: 폴리곤 라벨(5개 점)을 외접 bbox 로 변환했습니다.
issue,train,polygon_label,D:\visual.code\light_pollution\data\train\labels\20251212_183832_jpg.rf.2fd254857ffc1c99aa1a91293bb298c9.txt,line 8: 폴리곤 라벨(6개 점)을 외접 bbox 로 변환했습니다.
issue,train,polygon_label,D:\visual.code\light_pollution\data\train\labels\20251212_183845_jpg.rf.80bc8eca596da337ff862f7f34eaae27.txt,line 2: 폴리곤 라벨(7개 점)을 외접 bbox 로 변환했습니다.
issue,train,polygon_label,D:\visual.code\light_pollution\data\train\labels\20251212_183906_jpg.rf.07c9dcc44d87df93dae19af82e76b0c0.txt,line 1: 폴리곤 라벨(8개 점)을 외접 bbox 로 변환했습니다.
issue,train,polygon_label,D:\visual.code\light_pollution\data\train\labels\20251212_183945_jpg.rf.3fa9a5bf7dc3ee79dfc1d4452fcfe17d.txt,line 2: 폴리곤 라벨(165개 점)을 외접 bbox 로 변환했습니다.
issue,train,polygon_label,D:\visual.code\light_pollution\data\train\labels\20251212_184135_jpg.rf.86d4894fe4b49c8932cc1d827ceabb47.txt,line 1: 폴리곤 라벨(5개 점)을 외접 bbox 로 변환했습니다.
issue,train,polygon_label,D:\visual.code\light_pollution\data\train\labels\20251212_184322_jpg.rf.01f6e0eba0434ddd1ab7879dc9a9ec47.txt,line 1: 폴리곤 라벨(5개 점)을 외접 bbox 로 변환했습니다.
issue,train,polygon_label,D:\visual.code\light_pollution\data\train\labels\20251212_184322_jpg.rf.01f6e0eba0434ddd1ab7879dc9a9ec47.txt,line 2: 폴리곤 라벨(6개 점)을 외접 bbox 로 변환했습니다.
issue,train,polygon_label,D:\visual.code\light_pollution\data\train\labels\20251212_184322_jpg.rf.01f6e0eba0434ddd1ab7879dc9a9ec47.txt,line 3: 폴리곤 라벨(16개 점)을 외접 bbox 로 변환했습니다.
issue,train,polygon_label,D:\visual.code\light_pollution\data\train\labels\20251212_184322_jpg.rf.01f6e0eba0434ddd1ab7879dc9a9ec47.txt,line 4: 폴리곤 라벨(7개 점)을 외접 bbox 로 변환했습니다.
issue,train,polygon_label,D:\visual.code\light_pollution\data\train\labels\20251212_184347_jpg.rf.117e3d6f70f90a611fd128b26e15d336.txt,line 1: 폴리곤 라벨(5개 점)을 외접 bbox 로 변환했습니다.
issue,train,polygon_label,D:\visual.code\light_pollution\data\train\labels\20251212_184347_jpg.rf.117e3d6f70f90a611fd128b26e15d336.txt,line 2: 폴리곤 라벨(8개 점)을 외접 bbox 로 변환했습니다.
issue,train,polygon_label,D:\visual.code\light_pollution\data\train\labels\20251212_184347_jpg.rf.117e3d6f70f90a611fd128b26e15d336.txt,line 3: 폴리곤 라벨(6개 점)을 외접 bbox 로 변환했습니다.
issue,train,polygon_label,D:\visual.code\light_pollution\data\train\labels\20251212_184347_jpg.rf.117e3d6f70f90a611fd128b26e15d336.txt,line 4: 폴리곤 라벨(6개 점)을 외접 bbox 로 변환했습니다.
issue,train,polygon_label,D:\visual.code\light_pollution\data\train\labels\20251212_184347_jpg.rf.117e3d6f70f90a611fd128b26e15d336.txt,line 5: 폴리곤 라벨(6개 점)을 외접 bbox 로 변환했습니다.
issue,train,polygon_label,D:\visual.code\light_pollution\data\train\labels\20251212_184347_jpg.rf.117e3d6f70f90a611fd128b26e15d336.txt,line 6: 폴리곤 라벨(7개 점)을 외접 bbox 로 변환했습니다.
issue,train,polygon_label,D:\visual.code\light_pollution\data\train\labels\20251212_184347_jpg.rf.117e3d6f70f90a611fd128b26e15d336.txt,line 7: 폴리곤 라벨(6개 점)을 외접 bbox 로 변환했습니다.
issue,train,polygon_label,D:\visual.code\light_pollution\data\train\labels\20251212_184347_jpg.rf.117e3d6f70f90a611fd128b26e15d336.txt,line 8: 폴리곤 라벨(6개 점)을 외접 bbox 로 변환했습니다.
issue,train,polygon_label,D:\visual.code\light_pollution\data\train\labels\20251212_184518_jpg.rf.65d7da2ced89fe3acca768075ebfa621.txt,line 1: 폴리곤 라벨(14개 점)을 외접 bbox 로 변환했습니다.
issue,train,polygon_label,D:\visual.code\light_pollution\data\train\labels\20251212_184518_jpg.rf.65d7da2ced89fe3acca768075ebfa621.txt,line 2: 폴리곤 라벨(5개 점)을 외접 bbox 로 변환했습니다.
issue,train,polygon_label,D:\visual.code\light_pollution\data\train\labels\20251212_184519_jpg.rf.1b57460a9d31fe4312a610aa5ef2c970.txt,line 1: 폴리곤 라벨(6개 점)을 외접 bbox 로 변환했습니다.
issue,train,polygon_label,D:\visual.code\light_pollution\data\train\labels\20251212_184519_jpg.rf.1b57460a9d31fe4312a610aa5ef2c970.txt,line 2: 폴리곤 라벨(8개 점)을 외접 bbox 로 변환했습니다.
issue,train,polygon_label,D:\visual.code\light_pollution\data\train\labels\20251212_184519_jpg.rf.1b57460a9d31fe4312a610aa5ef2c970.txt,line 3: 폴리곤 라벨(6개 점)을 외접 bbox 로 변환했습니다.
issue,train,polygon_label,D:\visual.code\light_pollution\data\train\labels\20251212_184519_jpg.rf.1b57460a9d31fe4312a610aa5ef2c970.txt,line 4: 폴리곤 라벨(14개 점)을 외접 bbox 로 변환했습니다.
issue,train,polygon_label,D:\visual.code\light_pollution\data\train\labels\20251212_184519_jpg.rf.1b57460a9d31fe4312a610aa5ef2c970.txt,line 6: 폴리곤 라벨(6개 점)을 외접 bbox 로 변환했습니다.
issue,train,polygon_label,D:\visual.code\light_pollution\data\train\labels\20251212_184527_jpg.rf.d6779e0297481b821028a0d51e772b25.txt,line 1: 폴리곤 라벨(13개 점)을 외접 bbox 로 변환했습니다.
issue,train,polygon_label,D:\visual.code\light_pollution\data\train\labels\20251212_184535_jpg.rf.725a4c0a1dfb65a6bfe611ebe7628083.txt,line 1: 폴리곤 라벨(5개 점)을 외접 bbox 로 변환했습니다.
issue,train,polygon_label,D:\visual.code\light_pollution\data\train\labels\20251212_184631_jpg.rf.cc1e32fe56de038a2490b61ccdc92202.txt,line 1: 폴리곤 라벨(6개 점)을 외접 bbox 로 변환했습니다.
issue,train,polygon_label,D:\visual.code\light_pollution\data\train\labels\20251212_185123_jpg.rf.f7ac7840400c5e7bbb88821c2a909e14.txt,line 1: 폴리곤 라벨(119개 점)을 외접 bbox 로 변환했습니다.
issue,train,polygon_label,D:\visual.code\light_pollution\data\train\labels\20251212_185142_jpg.rf.812209040cfa082235881e1086655a9b.txt,line 1: 폴리곤 라벨(6개 점)을 외접 bbox 로 변환했습니다.
issue,train,polygon_label,D:\visual.code\light_pollution\data\train\labels\20251212_185210_jpg.rf.83e57a8d36b7dd316e1731f0fbdfc96e.txt,line 1: 폴리곤 라벨(6개 점)을 외접 bbox 로 변환했습니다.
issue,train,polygon_label,D:\visual.code\light_pollution\data\train\labels\20251212_185210_jpg.rf.83e57a8d36b7dd316e1731f0fbdfc96e.txt,line 5: 폴리곤 라벨(5개 점)을 외접 bbox 로 변환했습니다.
issue,train,polygon_label,D:\visual.code\light_pollution\data\train\labels\20251212_185354_jpg.rf.09ca762b155722a3f65fd15cca29335d.txt,line 1: 폴리곤 라벨(7개 점)을 외접 bbox 로 변환했습니다.
issue,train,polygon_label,D:\visual.code\light_pollution\data\train\labels\20251212_185550_jpg.rf.450f69c160ac02c438b8882bf4088fc6.txt,line 1: 폴리곤 라벨(6개 점)을 외접 bbox 로 변환했습니다.
issue,train,polygon_label,D:\visual.code\light_pollution\data\train\labels\20251212_185550_jpg.rf.450f69c160ac02c438b8882bf4088fc6.txt,line 2: 폴리곤 라벨(5개 점)을 외접 bbox 로 변환했습니다.
issue,train,polygon_label,D:\visual.code\light_pollution\data\train\labels\20251212_185559_jpg.rf.0ed514bf394d1aa66c8cbced90f0eeed.txt,line 1: 폴리곤 라벨(10개 점)을 외접 bbox 로 변환했습니다.
issue,train,polygon_label,D:\visual.code\light_pollution\data\train\labels\20251212_185652_jpg.rf.56ec13b91fd9e305662a8c6512705882.txt,line 1: 폴리곤 라벨(6개 점)을 외접 bbox 로 변환했습니다.
issue,train,polygon_label,D:\visual.code\light_pollution\data\train\labels\20251212_190010_jpg.rf.fd21d2de9480fb3e3f97d2ec3e6edd7f.txt,line 1: 폴리곤 라벨(5개 점)을 외접 bbox 로 변환했습니다.
issue,train,polygon_label,D:\visual.code\light_pollution\data\train\labels\20251212_190021_jpg.rf.98f5aaf225c6a3be020e14b918fd2179.txt,line 1: 폴리곤 라벨(7개 점)을 외접 bbox 로 변환했습니다.
issue,train,polygon_label,D:\visual.code\light_pollution\data\train\labels\20251212_190021_jpg.rf.98f5aaf225c6a3be020e14b918fd2179.txt,line 2: 폴리곤 라벨(7개 점)을 외접 bbox 로 변환했습니다.
issue,train,polygon_label,D:\visual.code\light_pollution\data\train\labels\20251212_190107_jpg.rf.43a160e920e04b2808e6b5215f4c7dfe.txt,line 1: 폴리곤 라벨(8개 점)을 외접 bbox 로 변환했습니다.
issue,train,polygon_label,D:\visual.code\light_pollution\data\train\labels\20251212_190351_jpg.rf.8d4f41fbee399f6bc6ea8f522321f592.txt,line 1: 폴리곤 라벨(6개 점)을 외접 bbox 로 변환했습니다.
issue,train,polygon_label,D:\visual.code\light_pollution\data\train\labels\20251212_190415_jpg.rf.10789cb6bc10e213c94bcf5cdc84917c.txt,line 1: 폴리곤 라벨(9개 점)을 외접 bbox 로 변환했습니다.
issue,train,polygon_label,D:\visual.code\light_pollution\data\train\labels\20251212_190503_jpg.rf.54d646cd7039eb58fb3e52521dbd0396.txt,line 1: 폴리곤 라벨(7개 점)을 외접 bbox 로 변환했습니다.
issue,train,polygon_label,D:\visual.code\light_pollution\data\train\labels\20251212_190634_jpg.rf.6ab673b7a591dfcd5d64c2bfec5abf3b.txt,line 1: 폴리곤 라벨(5개 점)을 외접 bbox 로 변환했습니다.
issue,train,polygon_label,D:\visual.code\light_pollution\data\train\labels\20251212_190644_jpg.rf.56840b223ea96b5b49d089db95bc73d3.txt,line 1: 폴리곤 라벨(5개 점)을 외접 bbox 로 변환했습니다.
issue,train,polygon_label,D:\visual.code\light_pollution\data\train\labels\20251212_190644_jpg.rf.56840b223ea96b5b49d089db95bc73d3.txt,line 4: 폴리곤 라벨(6개 점)을 외접 bbox 로 변환했습니다.
issue,train,polygon_label,D:\visual.code\light_pollution\data\train\labels\20251212_190644_jpg.rf.56840b223ea96b5b49d089db95bc73d3.txt,line 5: 폴리곤 라벨(6개 점)을 외접 bbox 로 변환했습니다.
issue,train,polygon_label,D:\visual.code\light_pollution\data\train\labels\20251212_190644_jpg.rf.56840b223ea96b5b49d089db95bc73d3.txt,line 6: 폴리곤 라벨(6개 점)을 외접 bbox 로 변환했습니다.
issue,train,polygon_label,D:\visual.code\light_pollution\data\train\labels\20251212_190644_jpg.rf.56840b223ea96b5b49d089db95bc73d3.txt,line 13: 폴리곤 라벨(6개 점)을 외접 bbox 로 변환했습니다.
issue,train,polygon_label,D:\visual.code\light_pollution\data\train\labels\20251212_190644_jpg.rf.56840b223ea96b5b49d089db95bc73d3.txt,line 14: 폴리곤 라벨(6개 점)을 외접 bbox 로 변환했습니다.
issue,train,polygon_label,D:\visual.code\light_pollution\data\train\labels\20251212_190736_jpg.rf.58b13a6d12259f2959685b5a39c92219.txt,line 1: 폴리곤 라벨(6개 점)을 외접 bbox 로 변환했습니다.
issue,train,polygon_label,D:\visual.code\light_pollution\data\train\labels\20251212_190810_jpg.rf.360b2fc73bb440a8a3a20b5a82e2d95a.txt,line 1: 폴리곤 라벨(5개 점)을 외접 bbox 로 변환했습니다.
issue,train,polygon_label,D:\visual.code\light_pollution\data\train\labels\20251212_190843_jpg.rf.cbcdb7214796c12536f9ffbab05d2443.txt,line 1: 폴리곤 라벨(5개 점)을 외접 bbox 로 변환했습니다.
issue,train,polygon_label,D:\visual.code\light_pollution\data\train\labels\20251212_190858_jpg.rf.53325b2bf04410425b87c83c55e3a7e4.txt,line 1: 폴리곤 라벨(8개 점)을 외접 bbox 로 변환했습니다.
issue,train,polygon_label,D:\visual.code\light_pollution\data\train\labels\20251212_190942_jpg.rf.25d69c415fb0bd2beb9b155f3353193b.txt,line 1: 폴리곤 라벨(6개 점)을 외접 bbox 로 변환했습니다.
issue,train,polygon_label,D:\visual.code\light_pollution\data\train\labels\20251212_191209_jpg.rf.e538dfed964bb8ecb6e35f25f9d3756e.txt,line 1: 폴리곤 라벨(6개 점)을 외접 bbox 로 변환했습니다.
issue,train,polygon_label,D:\visual.code\light_pollution\data\train\labels\20251212_191242_jpg.rf.82df63da73ddbc91fb19f6ef9a7aae21.txt,line 1: 폴리곤 라벨(6개 점)을 외접 bbox 로 변환했습니다.
issue,train,polygon_label,D:\visual.code\light_pollution\data\train\labels\20251212_191251_jpg.rf.8fa47d7dcf07db5860f32956edd2a91a.txt,line 1: 폴리곤 라벨(6개 점)을 외접 bbox 로 변환했습니다.
issue,train,polygon_label,D:\visual.code\light_pollution\data\train\labels\20251212_191713_jpg.rf.b3adc876fab51032fb822872288d261f.txt,line 1: 폴리곤 라벨(7개 점)을 외접 bbox 로 변환했습니다.
issue,train,polygon_label,D:\visual.code\light_pollution\data\train\labels\20251212_191729_jpg.rf.1af217aa6b9a606c51dc5f7760406202.txt,line 1: 폴리곤 라벨(5개 점)을 외접 bbox 로 변환했습니다.
issue,train,polygon_label,D:\visual.code\light_pollution\data\train\labels\20251212_191737_jpg.rf.f35c4f0fb045b9bc2711edab861081d2.txt,line 1: 폴리곤 라벨(6개 점)을 외접 bbox 로 변환했습니다.
issue,train,polygon_label,D:\visual.code\light_pollution\data\train\labels\20251212_191743_jpg.rf.4db575030b5f89425ecb9739893c7d05.txt,line 1: 폴리곤 라벨(6개 점)을 외접 bbox 로 변환했습니다.
issue,train,polygon_label,D:\visual.code\light_pollution\data\train\labels\20251212_191743_jpg.rf.4db575030b5f89425ecb9739893c7d05.txt,line 8: 폴리곤 라벨(4개 점)을 외접 bbox 로 변환했습니다.
issue,train,polygon_label,D:\visual.code\light_pollution\data\train\labels\20251212_191743_jpg.rf.4db575030b5f89425ecb9739893c7d05.txt,line 9: 폴리곤 라벨(5개 점)을 외접 bbox 로 변환했습니다.
issue,train,polygon_label,D:\visual.code\light_pollution\data\train\labels\20251212_191743_jpg.rf.4db575030b5f89425ecb9739893c7d05.txt,line 10: 폴리곤 라벨(6개 점)을 외접 bbox 로 변환했습니다.
issue,train,polygon_label,D:\visual.code\light_pollution\data\train\labels\20251212_191820_jpg.rf.af8f763ed277264806498758766d9baf.txt,line 1: 폴리곤 라벨(5개 점)을 외접 bbox 로 변환했습니다.
issue,train,polygon_label,D:\visual.code\light_pollution\data\train\labels\20251212_191820_jpg.rf.af8f763ed277264806498758766d9baf.txt,line 4: 폴리곤 라벨(11개 점)을 외접 bbox 로 변환했습니다.
issue,train,polygon_label,D:\visual.code\light_pollution\data\train\labels\20251212_191834_jpg.rf.07761dc392b79e363cde4ce2e311f739.txt,line 1: 폴리곤 라벨(6개 점)을 외접 bbox 로 변환했습니다.
issue,train,polygon_label,D:\visual.code\light_pollution\data\train\labels\20251212_191844_jpg.rf.213ac555102688db61e05ebfcb5449b3.txt,line 1: 폴리곤 라벨(6개 점)을 외접 bbox 로 변환했습니다.
issue,train,polygon_label,D:\visual.code\light_pollution\data\train\labels\20251212_191844_jpg.rf.213ac555102688db61e05ebfcb5449b3.txt,line 2: 폴리곤 라벨(5개 점)을 외접 bbox 로 변환했습니다.
issue,train,polygon_label,D:\visual.code\light_pollution\data\train\labels\20251212_192132_jpg.rf.11acc6c137dcb954d4f4b4eff71dac39.txt,line 1: 폴리곤 라벨(6개 점)을 외접 bbox 로 변환했습니다.
issue,train,polygon_label,D:\visual.code\light_pollution\data\train\labels\20251212_192613_jpg.rf.bbcddd26f2210aa7808bd11d4402cff5.txt,line 7: 폴리곤 라벨(21개 점)을 외접 bbox 로 변환했습니다.
issue,train,polygon_label,D:\visual.code\light_pollution\data\train\labels\20251212_192705_jpg.rf.bf593693f35e19c8da18886117d11c74.txt,line 1: 폴리곤 라벨(14개 점)을 외접 bbox 로 변환했습니다.
issue,train,polygon_label,D:\visual.code\light_pollution\data\train\labels\20251212_192724_jpg.rf.de7710bc59e33f2af045d6431cb68f13.txt,line 4: 폴리곤 라벨(151개 점)을 외접 bbox 로 변환했습니다.
issue,train,polygon_label,D:\visual.code\light_pollution\data\train\labels\20251212_192752_jpg.rf.b5a3da0b6b5884b447e85e39a839daf0.txt,line 7: 폴리곤 라벨(153개 점)을 외접 bbox 로 변환했습니다.
issue,train,polygon_label,D:\visual.code\light_pollution\data\train\labels\20251212_192852_jpg.rf.19c654c7464ff6333dad2b6151354587.txt,line 1: 폴리곤 라벨(5개 점)을 외접 bbox 로 변환했습니다.
issue,train,polygon_label,D:\visual.code\light_pollution\data\train\labels\20251212_192852_jpg.rf.19c654c7464ff6333dad2b6151354587.txt,line 4: 폴리곤 라벨(8개 점)을 외접 bbox 로 변환했습니다.
issue,train,polygon_label,D:\visual.code\light_pollution\data\train\labels\20251212_193059_jpg.rf.6adc8c601a319dbbbb2ad510c182e3c3.txt,line 1: 폴리곤 라벨(6개 점)을 외접 bbox 로 변환했습니다.
issue,train,polygon_label,D:\visual.code\light_pollution\data\train\labels\20251212_193117_jpg.rf.db88aec72180e9b4cd7f258eb92a323e.txt,line 1: 폴리곤 라벨(5개 점)을 외접 bbox 로 변환했습니다.
issue,train,polygon_label,D:\visual.code\light_pollution\data\train\labels\20251212_193224_jpg.rf.49b787c246ac20245df177c79e7aa840.txt,line 1: 폴리곤 라벨(23개 점)을 외접 bbox 로 변환했습니다.
issue,train,polygon_label,D:\visual.code\light_pollution\data\train\labels\20251212_193224_jpg.rf.49b787c246ac20245df177c79e7aa840.txt,line 3: 폴리곤 라벨(4개 점)을 외접 bbox 로 변환했습니다.
issue,train,polygon_label,D:\visual.code\light_pollution\data\train\labels\20251212_193310_jpg.rf.a41cc7066820ad8706cdfc6961afc928.txt,line 1: 폴리곤 라벨(7개 점)을 외접 bbox 로 변환했습니다.
issue,train,polygon_label,D:\visual.code\light_pollution\data\train\labels\20251212_193805_jpg.rf.d730c23b36b26259839046b18823c11b.txt,line 1: 폴리곤 라벨(5개 점)을 외접 bbox 로 변환했습니다.
issue,train,polygon_label,D:\visual.code\light_pollution\data\train\labels\20251212_194035_jpg.rf.a4ab22e78f88b9d106f7a1800e008c50.txt,line 5: 폴리곤 라벨(5개 점)을 외접 bbox 로 변환했습니다.
issue,train,polygon_label,D:\visual.code\light_pollution\data\train\labels\20251212_194134_jpg.rf.b8bfb4d98af0b799757ae9de4ad9aed5.txt,line 12: 폴리곤 라벨(6개 점)을 외접 bbox 로 변환했습니다.
issue,train,polygon_label,D:\visual.code\light_pollution\data\train\labels\20251212_194211_jpg.rf.bab806fb3be9133845f5b1c5e130134b.txt,line 4: 폴리곤 라벨(5개 점)을 외접 bbox 로 변환했습니다.
issue,train,polygon_label,D:\visual.code\light_pollution\data\train\labels\20251212_194221_jpg.rf.ec479d7fdf9934a9518a58f653b59ddb.txt,line 4: 폴리곤 라벨(5개 점)을 외접 bbox 로 변환했습니다.
issue,train,polygon_label,D:\visual.code\light_pollution\data\train\labels\20251212_194221_jpg.rf.ec479d7fdf9934a9518a58f653b59ddb.txt,line 5: 폴리곤 라벨(5개 점)을 외접 bbox 로 변환했습니다.
issue,train,polygon_label,D:\visual.code\light_pollution\data\train\labels\20251212_194305_jpg.rf.9758fa0ea852180e03273455d34b7432.txt,line 2: 폴리곤 라벨(6개 점)을 외접 bbox 로 변환했습니다.
issue,train,polygon_label,D:\visual.code\light_pollution\data\train\labels\20251212_194329_jpg.rf.7e82af13a4cee808549ed263443bf280.txt,line 1: 폴리곤 라벨(5개 점)을 외접 bbox 로 변환했습니다.
issue,train,polygon_label,D:\visual.code\light_pollution\data\train\labels\20251212_194340_jpg.rf.1a2fd6baac90e1b659f0a34ed0fa46cb.txt,line 1: 폴리곤 라벨(8개 점)을 외접 bbox 로 변환했습니다.
issue,train,polygon_label,D:\visual.code\light_pollution\data\train\labels\20251212_194401_jpg.rf.bd9dfb2e44e8d49cbd0dc2658dd6ce7b.txt,line 1: 폴리곤 라벨(5개 점)을 외접 bbox 로 변환했습니다.
issue,train,polygon_label,D:\visual.code\light_pollution\data\train\labels\20251212_194415_jpg.rf.aa255523c02f54410cd2a928a260fcb2.txt,line 1: 폴리곤 라벨(5개 점)을 외접 bbox 로 변환했습니다.
issue,train,polygon_label,D:\visual.code\light_pollution\data\train\labels\20251212_194437_jpg.rf.b8567f61b53833323f63413ffc2e87f7.txt,line 1: 폴리곤 라벨(7개 점)을 외접 bbox 로 변환했습니다.
issue,train,polygon_label,D:\visual.code\light_pollution\data\train\labels\20251212_194446_jpg.rf.4be6f3025627ca660d03d12d118cc470.txt,line 1: 폴리곤 라벨(5개 점)을 외접 bbox 로 변환했습니다.
issue,train,polygon_label,D:\visual.code\light_pollution\data\train\labels\20251212_194446_jpg.rf.4be6f3025627ca660d03d12d118cc470.txt,line 2: 폴리곤 라벨(6개 점)을 외접 bbox 로 변환했습니다.
issue,train,polygon_label,D:\visual.code\light_pollution\data\train\labels\20251212_194554_jpg.rf.18319849b6e5455b2f733ea686f583d7.txt,line 1: 폴리곤 라벨(6개 점)을 외접 bbox 로 변환했습니다.
issue,train,polygon_label,D:\visual.code\light_pollution\data\train\labels\20251212_194554_jpg.rf.18319849b6e5455b2f733ea686f583d7.txt,line 2: 폴리곤 라벨(8개 점)을 외접 bbox 로 변환했습니다.
issue,train,polygon_label,D:\visual.code\light_pollution\data\train\labels\20251212_194606_jpg.rf.381c53e6fe58d266218a4cf3cfeafeac.txt,line 7: 폴리곤 라벨(5개 점)을 외접 bbox 로 변환했습니다.
issue,train,polygon_label,D:\visual.code\light_pollution\data\train\labels\20251212_194606_jpg.rf.381c53e6fe58d266218a4cf3cfeafeac.txt,line 8: 폴리곤 라벨(11개 점)을 외접 bbox 로 변환했습니다.
issue,train,polygon_label,D:\visual.code\light_pollution\data\train\labels\20251212_194635_jpg.rf.382208eff0965c385a461395c0eeb356.txt,line 1: 폴리곤 라벨(6개 점)을 외접 bbox 로 변환했습니다.
issue,train,polygon_label,D:\visual.code\light_pollution\data\train\labels\20251212_194706_jpg.rf.17cf2b8b5695721b67093634c8a83a9b.txt,line 1: 폴리곤 라벨(5개 점)을 외접 bbox 로 변환했습니다.
issue,train,polygon_label,D:\visual.code\light_pollution\data\train\labels\20251212_194706_jpg.rf.17cf2b8b5695721b67093634c8a83a9b.txt,line 3: 폴리곤 라벨(5개 점)을 외접 bbox 로 변환했습니다.
issue,train,polygon_label,D:\visual.code\light_pollution\data\train\labels\20251212_194706_jpg.rf.17cf2b8b5695721b67093634c8a83a9b.txt,line 4: 폴리곤 라벨(5개 점)을 외접 bbox 로 변환했습니다.
issue,train,polygon_label,D:\visual.code\light_pollution\data\train\labels\20251212_194724_jpg.rf.b75987b03c889714e86ee74f707caa7d.txt,line 1: 폴리곤 라벨(5개 점)을 외접 bbox 로 변환했습니다.
issue,train,polygon_label,D:\visual.code\light_pollution\data\train\labels\20251212_194724_jpg.rf.b75987b03c889714e86ee74f707caa7d.txt,line 2: 폴리곤 라벨(7개 점)을 외접 bbox 로 변환했습니다.
issue,train,polygon_label,D:\visual.code\light_pollution\data\train\labels\20251212_194724_jpg.rf.b75987b03c889714e86ee74f707caa7d.txt,line 4: 폴리곤 라벨(5개 점)을 외접 bbox 로 변환했습니다.
issue,train,polygon_label,D:\visual.code\light_pollution\data\train\labels\20251212_194822_jpg.rf.c5cd152d27d1f9ce08f9f1b9a6120907.txt,line 2: 폴리곤 라벨(8개 점)을 외접 bbox 로 변환했습니다.
issue,train,polygon_label,D:\visual.code\light_pollution\data\train\labels\20251212_194836_jpg.rf.1d5792f34671e8e719c6f7aee64b9345.txt,line 1: 폴리곤 라벨(5개 점)을 외접 bbox 로 변환했습니다.
issue,train,polygon_label,D:\visual.code\light_pollution\data\train\labels\20251212_194836_jpg.rf.1d5792f34671e8e719c6f7aee64b9345.txt,line 6: 폴리곤 라벨(6개 점)을 외접 bbox 로 변환했습니다.
issue,train,polygon_label,D:\visual.code\light_pollution\data\train\labels\20251212_194836_jpg.rf.1d5792f34671e8e719c6f7aee64b9345.txt,line 7: 폴리곤 라벨(5개 점)을 외접 bbox 로 변환했습니다.
issue,train,polygon_label,D:\visual.code\light_pollution\data\train\labels\20251212_195045_jpg.rf.fe0db9d78458139f655731f9d3b9e492.txt,line 7: 폴리곤 라벨(10개 점)을 외접 bbox 로 변환했습니다.
issue,train,polygon_label,D:\visual.code\light_pollution\data\train\labels\20251212_195045_jpg.rf.fe0db9d78458139f655731f9d3b9e492.txt,line 8: 폴리곤 라벨(7개 점)을 외접 bbox 로 변환했습니다.
issue,train,polygon_label,D:\visual.code\light_pollution\data\train\labels\20251212_195102_jpg.rf.a635b3eedea08aa91d9519425cab0b6c.txt,line 1: 폴리곤 라벨(7개 점)을 외접 bbox 로 변환했습니다.
issue,train,polygon_label,D:\visual.code\light_pollution\data\train\labels\20251212_195114_jpg.rf.351a00092a4e4ea3d94b21d86c32579f.txt,line 1: 폴리곤 라벨(5개 점)을 외접 bbox 로 변환했습니다.
issue,train,polygon_label,D:\visual.code\light_pollution\data\train\labels\20251212_195114_jpg.rf.351a00092a4e4ea3d94b21d86c32579f.txt,line 3: 폴리곤 라벨(5개 점)을 외접 bbox 로 변환했습니다.
issue,train,polygon_label,D:\visual.code\light_pollution\data\train\labels\20251212_195131_jpg.rf.c8aa00477bdae38452b4ee088c61bdfd.txt,line 2: 폴리곤 라벨(5개 점)을 외접 bbox 로 변환했습니다.
issue,train,polygon_label,D:\visual.code\light_pollution\data\train\labels\20251212_195131_jpg.rf.c8aa00477bdae38452b4ee088c61bdfd.txt,line 3: 폴리곤 라벨(9개 점)을 외접 bbox 로 변환했습니다.
issue,train,polygon_label,D:\visual.code\light_pollution\data\train\labels\20251212_195132_jpg.rf.1589f74217bf189ed56c29177f45c0b7.txt,line 1: 폴리곤 라벨(5개 점)을 외접 bbox 로 변환했습니다.
issue,train,polygon_label,D:\visual.code\light_pollution\data\train\labels\20251212_195132_jpg.rf.1589f74217bf189ed56c29177f45c0b7.txt,line 2: 폴리곤 라벨(7개 점)을 외접 bbox 로 변환했습니다.
issue,train,polygon_label,D:\visual.code\light_pollution\data\train\labels\20251212_195132_jpg.rf.1589f74217bf189ed56c29177f45c0b7.txt,line 3: 폴리곤 라벨(4개 점)을 외접 bbox 로 변환했습니다.
issue,train,polygon_label,D:\visual.code\light_pollution\data\train\labels\20251212_195136_jpg.rf.3c147f816d7606a7911abdc90916e596.txt,line 1: 폴리곤 라벨(6개 점)을 외접 bbox 로 변환했습니다.
issue,train,polygon_label,D:\visual.code\light_pollution\data\train\labels\20251212_195326_jpg.rf.ba1610585f182eb8fae1ac1b12f8dd92.txt,line 1: 폴리곤 라벨(5개 점)을 외접 bbox 로 변환했습니다.
issue,train,polygon_label,D:\visual.code\light_pollution\data\train\labels\20251212_195326_jpg.rf.ba1610585f182eb8fae1ac1b12f8dd92.txt,line 2: 폴리곤 라벨(5개 점)을 외접 bbox 로 변환했습니다.
issue,train,polygon_label,D:\visual.code\light_pollution\data\train\labels\20251212_195359_jpg.rf.b29be0b247e85a6d534a18388f759e61.txt,line 1: 폴리곤 라벨(7개 점)을 외접 bbox 로 변환했습니다.
issue,train,polygon_label,D:\visual.code\light_pollution\data\train\labels\20251212_195411_jpg.rf.e9dd21f3c282f09c3c2c38128949cf3f.txt,line 1: 폴리곤 라벨(7개 점)을 외접 bbox 로 변환했습니다.
issue,train,polygon_label,D:\visual.code\light_pollution\data\train\labels\20251212_195456_jpg.rf.4a9fec32b58b44edd634986c47853847.txt,line 1: 폴리곤 라벨(5개 점)을 외접 bbox 로 변환했습니다.
issue,train,polygon_label,D:\visual.code\light_pollution\data\train\labels\20251212_195456_jpg.rf.4a9fec32b58b44edd634986c47853847.txt,line 2: 폴리곤 라벨(5개 점)을 외접 bbox 로 변환했습니다.
issue,train,polygon_label,D:\visual.code\light_pollution\data\train\labels\20251212_195456_jpg.rf.4a9fec32b58b44edd634986c47853847.txt,line 4: 폴리곤 라벨(8개 점)을 외접 bbox 로 변환했습니다.
issue,train,polygon_label,D:\visual.code\light_pollution\data\train\labels\20251212_195456_jpg.rf.4a9fec32b58b44edd634986c47853847.txt,line 5: 폴리곤 라벨(13개 점)을 외접 bbox 로 변환했습니다.
issue,train,polygon_label,D:\visual.code\light_pollution\data\train\labels\20251212_195456_jpg.rf.4a9fec32b58b44edd634986c47853847.txt,line 7: 폴리곤 라벨(5개 점)을 외접 bbox 로 변환했습니다.
issue,train,polygon_label,D:\visual.code\light_pollution\data\train\labels\20251212_195456_jpg.rf.4a9fec32b58b44edd634986c47853847.txt,line 13: 폴리곤 라벨(5개 점)을 외접 bbox 로 변환했습니다.
issue,train,polygon_label,D:\visual.code\light_pollution\data\train\labels\20251212_195824_jpg.rf.e25dadd61a83d8fc293befdd2354d61c.txt,line 1: 폴리곤 라벨(5개 점)을 외접 bbox 로 변환했습니다.
issue,train,polygon_label,D:\visual.code\light_pollution\data\train\labels\20251212_195824_jpg.rf.e25dadd61a83d8fc293befdd2354d61c.txt,line 2: 폴리곤 라벨(6개 점)을 외접 bbox 로 변환했습니다.
issue,train,polygon_label,D:\visual.code\light_pollution\data\train\labels\20251212_195824_jpg.rf.e25dadd61a83d8fc293befdd2354d61c.txt,line 3: 폴리곤 라벨(5개 점)을 외접 bbox 로 변환했습니다.
issue,train,polygon_label,D:\visual.code\light_pollution\data\train\labels\20251212_195918_jpg.rf.56d0de4a7e303914e31fbb8f7129b2cd.txt,line 3: 폴리곤 라벨(5개 점)을 외접 bbox 로 변환했습니다.
issue,train,polygon_label,D:\visual.code\light_pollution\data\train\labels\20251212_195918_jpg.rf.56d0de4a7e303914e31fbb8f7129b2cd.txt,line 7: 폴리곤 라벨(5개 점)을 외접 bbox 로 변환했습니다.
issue,train,polygon_label,D:\visual.code\light_pollution\data\train\labels\20251212_195918_jpg.rf.56d0de4a7e303914e31fbb8f7129b2cd.txt,line 8: 폴리곤 라벨(5개 점)을 외접 bbox 로 변환했습니다.
issue,train,polygon_label,D:\visual.code\light_pollution\data\train\labels\20251212_195953_jpg.rf.53309e3e26df6b1ef918974b1c5c8c6e.txt,line 1: 폴리곤 라벨(5개 점)을 외접 bbox 로 변환했습니다.
issue,train,polygon_label,D:\visual.code\light_pollution\data\train\labels\20251212_195953_jpg.rf.53309e3e26df6b1ef918974b1c5c8c6e.txt,line 3: 폴리곤 라벨(5개 점)을 외접 bbox 로 변환했습니다.
issue,train,polygon_label,D:\visual.code\light_pollution\data\train\labels\20251212_200058_jpg.rf.81cde6022946ea6a1fbbe0b3a8274bf1.txt,line 1: 폴리곤 라벨(5개 점)을 외접 bbox 로 변환했습니다.
issue,train,polygon_label,D:\visual.code\light_pollution\data\train\labels\20251212_200058_jpg.rf.81cde6022946ea6a1fbbe0b3a8274bf1.txt,line 2: 폴리곤 라벨(5개 점)을 외접 bbox 로 변환했습니다.
issue,train,polygon_label,D:\visual.code\light_pollution\data\train\labels\20251212_200058_jpg.rf.81cde6022946ea6a1fbbe0b3a8274bf1.txt,line 3: 폴리곤 라벨(6개 점)을 외접 bbox 로 변환했습니다.
issue,train,polygon_label,D:\visual.code\light_pollution\data\train\labels\20251212_200058_jpg.rf.81cde6022946ea6a1fbbe0b3a8274bf1.txt,line 4: 폴리곤 라벨(7개 점)을 외접 bbox 로 변환했습니다.
issue,train,polygon_label,D:\visual.code\light_pollution\data\train\labels\20251212_200200_jpg.rf.6b6732dedfc6789e6a04bbff013eeb0e.txt,line 1: 폴리곤 라벨(5개 점)을 외접 bbox 로 변환했습니다.
issue,train,polygon_label,D:\visual.code\light_pollution\data\train\labels\20251212_200200_jpg.rf.6b6732dedfc6789e6a04bbff013eeb0e.txt,line 2: 폴리곤 라벨(5개 점)을 외접 bbox 로 변환했습니다.
issue,train,polygon_label,D:\visual.code\light_pollution\data\train\labels\20251212_200208_jpg.rf.e52611c66a1ec4f01206daff626ba429.txt,line 16: 폴리곤 라벨(5개 점)을 외접 bbox 로 변환했습니다.
issue,train,polygon_label,D:\visual.code\light_pollution\data\train\labels\20251212_200236_jpg.rf.b54af08ef0dad9b1bc4bf09c4fe9ec1d.txt,line 1: 폴리곤 라벨(14개 점)을 외접 bbox 로 변환했습니다.
issue,train,polygon_label,D:\visual.code\light_pollution\data\train\labels\20251212_200236_jpg.rf.b54af08ef0dad9b1bc4bf09c4fe9ec1d.txt,line 2: 폴리곤 라벨(5개 점)을 외접 bbox 로 변환했습니다.
issue,train,polygon_label,D:\visual.code\light_pollution\data\train\labels\20251212_200236_jpg.rf.b54af08ef0dad9b1bc4bf09c4fe9ec1d.txt,line 3: 폴리곤 라벨(5개 점)을 외접 bbox 로 변환했습니다.
issue,train,polygon_label,D:\visual.code\light_pollution\data\train\labels\20251212_200236_jpg.rf.b54af08ef0dad9b1bc4bf09c4fe9ec1d.txt,line 4: 폴리곤 라벨(5개 점)을 외접 bbox 로 변환했습니다.
issue,train,polygon_label,D:\visual.code\light_pollution\data\train\labels\20251212_200236_jpg.rf.b54af08ef0dad9b1bc4bf09c4fe9ec1d.txt,line 5: 폴리곤 라벨(7개 점)을 외접 bbox 로 변환했습니다.
issue,train,polygon_label,D:\visual.code\light_pollution\data\train\labels\20251212_200254_jpg.rf.72199fa05fa3bc3a1a4d69f5cc4d880b.txt,line 1: 폴리곤 라벨(7개 점)을 외접 bbox 로 변환했습니다.
issue,train,polygon_label,D:\visual.code\light_pollution\data\train\labels\20251212_200334_jpg.rf.a67ecd4a0e7d9e94a55e84f97bb86927.txt,line 1: 폴리곤 라벨(5개 점)을 외접 bbox 로 변환했습니다.
issue,train,polygon_label,D:\visual.code\light_pollution\data\train\labels\20251212_200334_jpg.rf.a67ecd4a0e7d9e94a55e84f97bb86927.txt,line 3: 폴리곤 라벨(5개 점)을 외접 bbox 로 변환했습니다.
issue,train,polygon_label,D:\visual.code\light_pollution\data\train\labels\20251212_200334_jpg.rf.a67ecd4a0e7d9e94a55e84f97bb86927.txt,line 5: 폴리곤 라벨(6개 점)을 외접 bbox 로 변환했습니다.
issue,train,polygon_label,D:\visual.code\light_pollution\data\train\labels\20251212_200432_jpg.rf.cbc9e8d03b6e80c45bb7044035fb473d.txt,line 1: 폴리곤 라벨(7개 점)을 외접 bbox 로 변환했습니다.
issue,train,polygon_label,D:\visual.code\light_pollution\data\train\labels\20251212_200436_jpg.rf.a4f189d1687abf9f0dc2448f88e7623f.txt,line 1: 폴리곤 라벨(5개 점)을 외접 bbox 로 변환했습니다.
issue,train,polygon_label,D:\visual.code\light_pollution\data\train\labels\20251212_200436_jpg.rf.a4f189d1687abf9f0dc2448f88e7623f.txt,line 2: 폴리곤 라벨(6개 점)을 외접 bbox 로 변환했습니다.
issue,train,polygon_label,D:\visual.code\light_pollution\data\train\labels\20251212_200436_jpg.rf.a4f189d1687abf9f0dc2448f88e7623f.txt,line 3: 폴리곤 라벨(6개 점)을 외접 bbox 로 변환했습니다.
issue,train,polygon_label,D:\visual.code\light_pollution\data\train\labels\20251212_200436_jpg.rf.a4f189d1687abf9f0dc2448f88e7623f.txt,line 4: 폴리곤 라벨(5개 점)을 외접 bbox 로 변환했습니다.
issue,train,polygon_label,D:\visual.code\light_pollution\data\train\labels\20251212_200507_jpg.rf.dae92ee6a632b914150bcca7daab597a.txt,line 1: 폴리곤 라벨(6개 점)을 외접 bbox 로 변환했습니다.
issue,train,polygon_label,D:\visual.code\light_pollution\data\train\labels\20251212_200732_jpg.rf.ea1b60149d7c110b32791cc6cf67d3e2.txt,line 1: 폴리곤 라벨(6개 점)을 외접 bbox 로 변환했습니다.
issue,train,polygon_label,D:\visual.code\light_pollution\data\train\labels\20251212_200732_jpg.rf.ea1b60149d7c110b32791cc6cf67d3e2.txt,line 2: 폴리곤 라벨(5개 점)을 외접 bbox 로 변환했습니다.
issue,train,polygon_label,D:\visual.code\light_pollution\data\train\labels\20251212_200745_jpg.rf.5bb66cc5bd2f6d07662457053bb7a2a0.txt,line 2: 폴리곤 라벨(5개 점)을 외접 bbox 로 변환했습니다.
issue,train,polygon_label,D:\visual.code\light_pollution\data\train\labels\20251212_200753_jpg.rf.3cab086090a91b0469477d4c871b6479.txt,line 17: 폴리곤 라벨(5개 점)을 외접 bbox 로 변환했습니다.
issue,train,polygon_label,D:\visual.code\light_pollution\data\train\labels\20251212_200753_jpg.rf.3cab086090a91b0469477d4c871b6479.txt,line 18: 폴리곤 라벨(5개 점)을 외접 bbox 로 변환했습니다.
issue,train,polygon_label,D:\visual.code\light_pollution\data\train\labels\20251212_200900_jpg.rf.3c25636f401c4cc0db7a2e6d4e2b6f02.txt,line 5: 폴리곤 라벨(5개 점)을 외접 bbox 로 변환했습니다.
issue,train,polygon_label,D:\visual.code\light_pollution\data\train\labels\20251212_201032_jpg.rf.c5e1a9665d10f15867f257c12944f9e3.txt,line 1: 폴리곤 라벨(5개 점)을 외접 bbox 로 변환했습니다.
issue,train,polygon_label,D:\visual.code\light_pollution\data\train\labels\20251212_201032_jpg.rf.c5e1a9665d10f15867f257c12944f9e3.txt,line 2: 폴리곤 라벨(7개 점)을 외접 bbox 로 변환했습니다.
issue,train,polygon_label,D:\visual.code\light_pollution\data\train\labels\20251212_201115_jpg.rf.3bba2394205993001a7cfdf09f9f838e.txt,line 1: 폴리곤 라벨(5개 점)을 외접 bbox 로 변환했습니다.
issue,train,polygon_label,D:\visual.code\light_pollution\data\train\labels\20251212_201115_jpg.rf.3bba2394205993001a7cfdf09f9f838e.txt,line 2: 폴리곤 라벨(5개 점)을 외접 bbox 로 변환했습니다.
issue,train,polygon_label,D:\visual.code\light_pollution\data\train\labels\20251212_201115_jpg.rf.3bba2394205993001a7cfdf09f9f838e.txt,line 3: 폴리곤 라벨(8개 점)을 외접 bbox 로 변환했습니다.
issue,train,polygon_label,D:\visual.code\light_pollution\data\train\labels\20251212_201202_jpg.rf.75ff6f3e19afcf6b770be0100e5cfe6c.txt,line 1: 폴리곤 라벨(5개 점)을 외접 bbox 로 변환했습니다.
issue,train,polygon_label,D:\visual.code\light_pollution\data\train\labels\20251212_201437_jpg.rf.aa2df8f6d427aa420815e7409173a742.txt,line 1: 폴리곤 라벨(5개 점)을 외접 bbox 로 변환했습니다.
issue,train,polygon_label,D:\visual.code\light_pollution\data\train\labels\20251212_201437_jpg.rf.aa2df8f6d427aa420815e7409173a742.txt,line 2: 폴리곤 라벨(7개 점)을 외접 bbox 로 변환했습니다.
issue,train,polygon_label,D:\visual.code\light_pollution\data\train\labels\20251212_201437_jpg.rf.aa2df8f6d427aa420815e7409173a742.txt,line 3: 폴리곤 라벨(7개 점)을 외접 bbox 로 변환했습니다.
issue,train,polygon_label,D:\visual.code\light_pollution\data\train\labels\20251212_201437_jpg.rf.aa2df8f6d427aa420815e7409173a742.txt,line 4: 폴리곤 라벨(6개 점)을 외접 bbox 로 변환했습니다.
issue,train,polygon_label,D:\visual.code\light_pollution\data\train\labels\20251212_201437_jpg.rf.aa2df8f6d427aa420815e7409173a742.txt,line 5: 폴리곤 라벨(6개 점)을 외접 bbox 로 변환했습니다.
issue,train,polygon_label,D:\visual.code\light_pollution\data\train\labels\20251212_201837_jpg.rf.d4195bbe88cb6b641e6ef96a0b171277.txt,line 1: 폴리곤 라벨(5개 점)을 외접 bbox 로 변환했습니다.
issue,train,polygon_label,D:\visual.code\light_pollution\data\train\labels\20251212_201837_jpg.rf.d4195bbe88cb6b641e6ef96a0b171277.txt,line 2: 폴리곤 라벨(6개 점)을 외접 bbox 로 변환했습니다.
issue,train,polygon_label,D:\visual.code\light_pollution\data\train\labels\20251212_201837_jpg.rf.d4195bbe88cb6b641e6ef96a0b171277.txt,line 3: 폴리곤 라벨(12개 점)을 외접 bbox 로 변환했습니다.
issue,train,polygon_label,D:\visual.code\light_pollution\data\train\labels\20251212_201837_jpg.rf.d4195bbe88cb6b641e6ef96a0b171277.txt,line 5: 폴리곤 라벨(4개 점)을 외접 bbox 로 변환했습니다.
issue,train,polygon_label,D:\visual.code\light_pollution\data\train\labels\20251212_201837_jpg.rf.d4195bbe88cb6b641e6ef96a0b171277.txt,line 7: 폴리곤 라벨(5개 점)을 외접 bbox 로 변환했습니다.
issue,train,polygon_label,D:\visual.code\light_pollution\data\train\labels\20251212_202006_jpg.rf.ff0781078cf3221172f37c9eeb3f280b.txt,line 1: 폴리곤 라벨(5개 점)을 외접 bbox 로 변환했습니다.
issue,train,polygon_label,D:\visual.code\light_pollution\data\train\labels\20251212_202018_jpg.rf.cca03b68f729ca9a756547346c54e0fc.txt,line 2: 폴리곤 라벨(6개 점)을 외접 bbox 로 변환했습니다.
issue,train,polygon_label,D:\visual.code\light_pollution\data\train\labels\20251212_202018_jpg.rf.cca03b68f729ca9a756547346c54e0fc.txt,line 3: 폴리곤 라벨(5개 점)을 외접 bbox 로 변환했습니다.
issue,train,polygon_label,D:\visual.code\light_pollution\data\train\labels\20251212_202307_jpg.rf.66ee02ecf0ccf6cec9db0638ab7fbe99.txt,line 1: 폴리곤 라벨(5개 점)을 외접 bbox 로 변환했습니다.
issue,train,polygon_label,D:\visual.code\light_pollution\data\train\labels\20251212_202340_jpg.rf.af196f45517cb9217c3e115300566556.txt,line 1: 폴리곤 라벨(5개 점)을 외접 bbox 로 변환했습니다.
issue,train,polygon_label,D:\visual.code\light_pollution\data\train\labels\20251212_202340_jpg.rf.af196f45517cb9217c3e115300566556.txt,line 6: 폴리곤 라벨(5개 점)을 외접 bbox 로 변환했습니다.
issue,train,polygon_label,D:\visual.code\light_pollution\data\train\labels\20251212_202434_jpg.rf.64c04d3c7988266d41892a865bd58287.txt,line 1: 폴리곤 라벨(5개 점)을 외접 bbox 로 변환했습니다.
issue,train,polygon_label,D:\visual.code\light_pollution\data\train\labels\20251212_202434_jpg.rf.64c04d3c7988266d41892a865bd58287.txt,line 2: 폴리곤 라벨(5개 점)을 외접 bbox 로 변환했습니다.
issue,train,polygon_label,D:\visual.code\light_pollution\data\train\labels\20251212_202434_jpg.rf.64c04d3c7988266d41892a865bd58287.txt,line 3: 폴리곤 라벨(6개 점)을 외접 bbox 로 변환했습니다.
issue,train,polygon_label,D:\visual.code\light_pollution\data\train\labels\20251212_202527_jpg.rf.bc03801d4dd140f696bde999730e7ee6.txt,line 1: 폴리곤 라벨(5개 점)을 외접 bbox 로 변환했습니다.
issue,train,polygon_label,D:\visual.code\light_pollution\data\train\labels\20251212_202644_jpg.rf.12a3ab85b11934796c776248e2ebfa6a.txt,line 1: 폴리곤 라벨(8개 점)을 외접 bbox 로 변환했습니다.
issue,train,polygon_label,D:\visual.code\light_pollution\data\train\labels\20251212_202644_jpg.rf.12a3ab85b11934796c776248e2ebfa6a.txt,line 8: 폴리곤 라벨(5개 점)을 외접 bbox 로 변환했습니다.
issue,train,polygon_label,D:\visual.code\light_pollution\data\train\labels\20251212_202739_jpg.rf.90b6fe363fecadc95a9d31b1a2c5f006.txt,line 1: 폴리곤 라벨(7개 점)을 외접 bbox 로 변환했습니다.
issue,train,polygon_label,D:\visual.code\light_pollution\data\train\labels\20251212_202739_jpg.rf.90b6fe363fecadc95a9d31b1a2c5f006.txt,line 2: 폴리곤 라벨(5개 점)을 외접 bbox 로 변환했습니다.
issue,train,polygon_label,D:\visual.code\light_pollution\data\train\labels\20251212_202739_jpg.rf.90b6fe363fecadc95a9d31b1a2c5f006.txt,line 3: 폴리곤 라벨(4개 점)을 외접 bbox 로 변환했습니다.
issue,train,polygon_label,D:\visual.code\light_pollution\data\train\labels\20251212_202739_jpg.rf.90b6fe363fecadc95a9d31b1a2c5f006.txt,line 24: 폴리곤 라벨(5개 점)을 외접 bbox 로 변환했습니다.
issue,train,polygon_label,D:\visual.code\light_pollution\data\train\labels\20251212_202739_jpg.rf.90b6fe363fecadc95a9d31b1a2c5f006.txt,line 25: 폴리곤 라벨(6개 점)을 외접 bbox 로 변환했습니다.
issue,train,polygon_label,D:\visual.code\light_pollution\data\train\labels\20251212_202739_jpg.rf.90b6fe363fecadc95a9d31b1a2c5f006.txt,line 26: 폴리곤 라벨(7개 점)을 외접 bbox 로 변환했습니다.
issue,train,polygon_label,D:\visual.code\light_pollution\data\train\labels\20251212_202801_jpg.rf.70ecc6f411701181cb3ec1737a05648a.txt,line 1: 폴리곤 라벨(5개 점)을 외접 bbox 로 변환했습니다.
issue,train,polygon_label,D:\visual.code\light_pollution\data\train\labels\20251212_202801_jpg.rf.70ecc6f411701181cb3ec1737a05648a.txt,line 2: 폴리곤 라벨(5개 점)을 외접 bbox 로 변환했습니다.
issue,train,polygon_label,D:\visual.code\light_pollution\data\train\labels\20251212_202801_jpg.rf.70ecc6f411701181cb3ec1737a05648a.txt,line 3: 폴리곤 라벨(5개 점)을 외접 bbox 로 변환했습니다.
issue,train,polygon_label,D:\visual.code\light_pollution\data\train\labels\20251212_202801_jpg.rf.70ecc6f411701181cb3ec1737a05648a.txt,line 5: 폴리곤 라벨(6개 점)을 외접 bbox 로 변환했습니다.
issue,train,polygon_label,D:\visual.code\light_pollution\data\train\labels\20251212_202801_jpg.rf.70ecc6f411701181cb3ec1737a05648a.txt,line 6: 폴리곤 라벨(7개 점)을 외접 bbox 로 변환했습니다.
issue,train,polygon_label,D:\visual.code\light_pollution\data\train\labels\20251212_202801_jpg.rf.70ecc6f411701181cb3ec1737a05648a.txt,line 8: 폴리곤 라벨(5개 점)을 외접 bbox 로 변환했습니다.
issue,train,polygon_label,D:\visual.code\light_pollution\data\train\labels\20251212_202833_jpg.rf.e2c2d839c70e19abc875ccb5cf3ff8ce.txt,line 1: 폴리곤 라벨(6개 점)을 외접 bbox 로 변환했습니다.
issue,train,polygon_label,D:\visual.code\light_pollution\data\train\labels\20251212_202833_jpg.rf.e2c2d839c70e19abc875ccb5cf3ff8ce.txt,line 2: 폴리곤 라벨(5개 점)을 외접 bbox 로 변환했습니다.
issue,train,polygon_label,D:\visual.code\light_pollution\data\train\labels\20251212_202855_jpg.rf.af7c115dd4c68a39729c038e5d3b9bac.txt,line 1: 폴리곤 라벨(6개 점)을 외접 bbox 로 변환했습니다.
issue,train,polygon_label,D:\visual.code\light_pollution\data\train\labels\20251212_202855_jpg.rf.af7c115dd4c68a39729c038e5d3b9bac.txt,line 8: 폴리곤 라벨(5개 점)을 외접 bbox 로 변환했습니다.
issue,train,polygon_label,D:\visual.code\light_pollution\data\train\labels\20251212_202857_jpg.rf.4e6cb5f720d334fdfdb1842d8bc740fd.txt,line 1: 폴리곤 라벨(5개 점)을 외접 bbox 로 변환했습니다.
issue,train,polygon_label,D:\visual.code\light_pollution\data\train\labels\20251212_202904_jpg.rf.127a3819bfd46d7a00cfce34ecbcdbfb.txt,line 1: 폴리곤 라벨(10개 점)을 외접 bbox 로 변환했습니다.
issue,train,polygon_label,D:\visual.code\light_pollution\data\train\labels\20251212_203008_jpg.rf.4db086508080a85d11a967d0412189ee.txt,line 2: 폴리곤 라벨(5개 점)을 외접 bbox 로 변환했습니다.
issue,train,polygon_label,D:\visual.code\light_pollution\data\train\labels\20251212_203008_jpg.rf.4db086508080a85d11a967d0412189ee.txt,line 3: 폴리곤 라벨(6개 점)을 외접 bbox 로 변환했습니다.
issue,train,polygon_label,D:\visual.code\light_pollution\data\train\labels\20251212_203234_jpg.rf.2c46a2438736d8821809b2900fac254f.txt,line 1: 폴리곤 라벨(5개 점)을 외접 bbox 로 변환했습니다.
issue,train,polygon_label,D:\visual.code\light_pollution\data\train\labels\20251212_203234_jpg.rf.2c46a2438736d8821809b2900fac254f.txt,line 5: 폴리곤 라벨(5개 점)을 외접 bbox 로 변환했습니다.
issue,train,polygon_label,D:\visual.code\light_pollution\data\train\labels\20251212_203234_jpg.rf.2c46a2438736d8821809b2900fac254f.txt,line 6: 폴리곤 라벨(5개 점)을 외접 bbox 로 변환했습니다.
issue,train,polygon_label,D:\visual.code\light_pollution\data\train\labels\20251212_203547_jpg.rf.38c03a518626e25b0b66450013b1f8d3.txt,line 8: 폴리곤 라벨(5개 점)을 외접 bbox 로 변환했습니다.
issue,train,polygon_label,D:\visual.code\light_pollution\data\train\labels\20251212_203559_jpg.rf.3d9f8b72b33d06645e99938390b04750.txt,line 1: 폴리곤 라벨(6개 점)을 외접 bbox 로 변환했습니다.
issue,train,polygon_label,D:\visual.code\light_pollution\data\train\labels\20251212_203737_jpg.rf.40ccb7882f131eda740f45d652557ab4.txt,line 1: 폴리곤 라벨(5개 점)을 외접 bbox 로 변환했습니다.
issue,train,polygon_label,D:\visual.code\light_pollution\data\train\labels\20251212_203821_jpg.rf.b48e459577cb86467ef3a07bba75a7cf.txt,line 1: 폴리곤 라벨(5개 점)을 외접 bbox 로 변환했습니다.
issue,train,polygon_label,D:\visual.code\light_pollution\data\train\labels\20251212_203833_jpg.rf.c0b805f2993fd00dc1220f9be6247960.txt,line 1: 폴리곤 라벨(5개 점)을 외접 bbox 로 변환했습니다.
issue,train,polygon_label,D:\visual.code\light_pollution\data\train\labels\20251212_204130_jpg.rf.fcbf712a5ea1ae8fb93c831420704469.txt,line 1: 폴리곤 라벨(9개 점)을 외접 bbox 로 변환했습니다.
issue,train,polygon_label,D:\visual.code\light_pollution\data\train\labels\20251212_204153_jpg.rf.6809a798e61cb6897b7f7068e44cb788.txt,line 1: 폴리곤 라벨(5개 점)을 외접 bbox 로 변환했습니다.
issue,train,polygon_label,D:\visual.code\light_pollution\data\train\labels\20251212_204153_jpg.rf.6809a798e61cb6897b7f7068e44cb788.txt,line 6: 폴리곤 라벨(8개 점)을 외접 bbox 로 변환했습니다.
issue,train,polygon_label,D:\visual.code\light_pollution\data\train\labels\20251212_204153_jpg.rf.6809a798e61cb6897b7f7068e44cb788.txt,line 7: 폴리곤 라벨(6개 점)을 외접 bbox 로 변환했습니다.
issue,train,polygon_label,D:\visual.code\light_pollution\data\train\labels\20251212_204153_jpg.rf.6809a798e61cb6897b7f7068e44cb788.txt,line 8: 폴리곤 라벨(7개 점)을 외접 bbox 로 변환했습니다.
issue,train,polygon_label,D:\visual.code\light_pollution\data\train\labels\20251212_204153_jpg.rf.6809a798e61cb6897b7f7068e44cb788.txt,line 10: 폴리곤 라벨(5개 점)을 외접 bbox 로 변환했습니다.
issue,train,polygon_label,D:\visual.code\light_pollution\data\train\labels\20251212_204206_jpg.rf.97a1ba700c72cdadd2a21cbadd547a95.txt,line 7: 폴리곤 라벨(6개 점)을 외접 bbox 로 변환했습니다.
issue,train,polygon_label,D:\visual.code\light_pollution\data\train\labels\20251212_204206_jpg.rf.97a1ba700c72cdadd2a21cbadd547a95.txt,line 8: 폴리곤 라벨(4개 점)을 외접 bbox 로 변환했습니다.
issue,train,polygon_label,D:\visual.code\light_pollution\data\train\labels\20251212_204206_jpg.rf.97a1ba700c72cdadd2a21cbadd547a95.txt,line 9: 폴리곤 라벨(5개 점)을 외접 bbox 로 변환했습니다.
issue,train,polygon_label,D:\visual.code\light_pollution\data\train\labels\20251212_204301_jpg.rf.565a26de009f440f5c3f6a89146d431f.txt,line 1: 폴리곤 라벨(5개 점)을 외접 bbox 로 변환했습니다.
issue,train,polygon_label,D:\visual.code\light_pollution\data\train\labels\20251212_204501_jpg.rf.aa6554734b74a1eae052f058857901d7.txt,line 4: 폴리곤 라벨(10개 점)을 외접 bbox 로 변환했습니다.
issue,train,polygon_label,D:\visual.code\light_pollution\data\train\labels\20251212_204514_jpg.rf.111dd5e38ef6e67e633162c558d430bb.txt,line 1: 폴리곤 라벨(5개 점)을 외접 bbox 로 변환했습니다.
issue,train,polygon_label,D:\visual.code\light_pollution\data\train\labels\20251212_204617_jpg.rf.7a1d04ae2280f320262919843ac863db.txt,line 1: 폴리곤 라벨(13개 점)을 외접 bbox 로 변환했습니다.
issue,train,polygon_label,D:\visual.code\light_pollution\data\train\labels\20251212_204617_jpg.rf.7a1d04ae2280f320262919843ac863db.txt,line 2: 폴리곤 라벨(5개 점)을 외접 bbox 로 변환했습니다.
issue,train,polygon_label,D:\visual.code\light_pollution\data\train\labels\20251212_204646_jpg.rf.4108efb1db5b931d5f6c548e1cf72a37.txt,line 1: 폴리곤 라벨(6개 점)을 외접 bbox 로 변환했습니다.
issue,train,polygon_label,D:\visual.code\light_pollution\data\train\labels\20251212_204652_jpg.rf.c05cde97926165c4705b87d63c150c13.txt,line 1: 폴리곤 라벨(5개 점)을 외접 bbox 로 변환했습니다.
issue,train,polygon_label,D:\visual.code\light_pollution\data\train\labels\20251212_204707_jpg.rf.26d539742e3ce0f01455c736112c922e.txt,line 1: 폴리곤 라벨(5개 점)을 외접 bbox 로 변환했습니다.
issue,train,polygon_label,D:\visual.code\light_pollution\data\train\labels\20251212_204740_jpg.rf.ce96a9f320ff2b4baea0d4dda00a0c9c.txt,line 1: 폴리곤 라벨(6개 점)을 외접 bbox 로 변환했습니다.
issue,train,polygon_label,D:\visual.code\light_pollution\data\train\labels\20251212_204802_jpg.rf.9334794ab7523e270876f8732926ee96.txt,line 1: 폴리곤 라벨(5개 점)을 외접 bbox 로 변환했습니다.
issue,train,polygon_label,D:\visual.code\light_pollution\data\train\labels\20251212_204833_jpg.rf.fd6d0983509d721046c322214c296c6e.txt,line 2: 폴리곤 라벨(5개 점)을 외접 bbox 로 변환했습니다.
issue,train,polygon_label,D:\visual.code\light_pollution\data\train\labels\20251212_204833_jpg.rf.fd6d0983509d721046c322214c296c6e.txt,line 3: 폴리곤 라벨(6개 점)을 외접 bbox 로 변환했습니다.
issue,train,polygon_label,D:\visual.code\light_pollution\data\train\labels\20251212_204855_jpg.rf.e5c4cddf6669f32890af61ad0b3c6dfb.txt,line 1: 폴리곤 라벨(5개 점)을 외접 bbox 로 변환했습니다.
issue,train,polygon_label,D:\visual.code\light_pollution\data\train\labels\20251212_204855_jpg.rf.e5c4cddf6669f32890af61ad0b3c6dfb.txt,line 2: 폴리곤 라벨(5개 점)을 외접 bbox 로 변환했습니다.
issue,train,polygon_label,D:\visual.code\light_pollution\data\train\labels\20251212_204921_jpg.rf.41e610da4d2ad87b2c52c94aec11cdd5.txt,line 1: 폴리곤 라벨(9개 점)을 외접 bbox 로 변환했습니다.
issue,train,polygon_label,D:\visual.code\light_pollution\data\train\labels\20251212_204921_jpg.rf.41e610da4d2ad87b2c52c94aec11cdd5.txt,line 2: 폴리곤 라벨(6개 점)을 외접 bbox 로 변환했습니다.
issue,train,polygon_label,D:\visual.code\light_pollution\data\train\labels\20251212_204921_jpg.rf.41e610da4d2ad87b2c52c94aec11cdd5.txt,line 3: 폴리곤 라벨(7개 점)을 외접 bbox 로 변환했습니다.
issue,train,polygon_label,D:\visual.code\light_pollution\data\train\labels\20251212_205132_jpg.rf.26ef67d08cf75592b25df3d373f15b1d.txt,line 1: 폴리곤 라벨(6개 점)을 외접 bbox 로 변환했습니다.
issue,train,polygon_label,D:\visual.code\light_pollution\data\train\labels\20251212_205132_jpg.rf.26ef67d08cf75592b25df3d373f15b1d.txt,line 2: 폴리곤 라벨(5개 점)을 외접 bbox 로 변환했습니다.
issue,train,polygon_label,D:\visual.code\light_pollution\data\train\labels\20251212_205132_jpg.rf.26ef67d08cf75592b25df3d373f15b1d.txt,line 4: 폴리곤 라벨(6개 점)을 외접 bbox 로 변환했습니다.
issue,train,polygon_label,D:\visual.code\light_pollution\data\train\labels\20251212_205220_jpg.rf.c0e4e62033a9ecbdb5edfde202b64664.txt,line 1: 폴리곤 라벨(8개 점)을 외접 bbox 로 변환했습니다.
issue,train,polygon_label,D:\visual.code\light_pollution\data\train\labels\20251212_205220_jpg.rf.c0e4e62033a9ecbdb5edfde202b64664.txt,line 2: 폴리곤 라벨(4개 점)을 외접 bbox 로 변환했습니다.
issue,train,polygon_label,D:\visual.code\light_pollution\data\train\labels\20251212_205234_jpg.rf.dfbd7e3f7796ab29b95d9d9359487b2d.txt,line 1: 폴리곤 라벨(5개 점)을 외접 bbox 로 변환했습니다.
issue,train,polygon_label,D:\visual.code\light_pollution\data\train\labels\20251212_205234_jpg.rf.dfbd7e3f7796ab29b95d9d9359487b2d.txt,line 2: 폴리곤 라벨(5개 점)을 외접 bbox 로 변환했습니다.
issue,train,polygon_label,D:\visual.code\light_pollution\data\train\labels\20251212_205355_jpg.rf.1efe5ce43429c0321de9082c288f9d19.txt,line 1: 폴리곤 라벨(5개 점)을 외접 bbox 로 변환했습니다.
issue,train,polygon_label,D:\visual.code\light_pollution\data\train\labels\20251212_205402_jpg.rf.7800fdeed3a104759c2b14c1a300adfc.txt,line 1: 폴리곤 라벨(5개 점)을 외접 bbox 로 변환했습니다.
issue,train,polygon_label,D:\visual.code\light_pollution\data\train\labels\20251212_205406_jpg.rf.a8b6eecfa73d5a73cc9f08e47fd862b2.txt,line 1: 폴리곤 라벨(5개 점)을 외접 bbox 로 변환했습니다.
issue,train,polygon_label,D:\visual.code\light_pollution\data\train\labels\20251212_205829_jpg.rf.540d3542a4fb79822ff048bfce33ae00.txt,line 1: 폴리곤 라벨(6개 점)을 외접 bbox 로 변환했습니다.
issue,train,polygon_label,D:\visual.code\light_pollution\data\train\labels\20251212_205829_jpg.rf.540d3542a4fb79822ff048bfce33ae00.txt,line 2: 폴리곤 라벨(9개 점)을 외접 bbox 로 변환했습니다.
issue,train,polygon_label,D:\visual.code\light_pollution\data\train\labels\20251212_205829_jpg.rf.540d3542a4fb79822ff048bfce33ae00.txt,line 3: 폴리곤 라벨(5개 점)을 외접 bbox 로 변환했습니다.
issue,train,polygon_label,D:\visual.code\light_pollution\data\train\labels\20251212_210224_jpg.rf.2dc8e9e643fdc1c4bb8add9cd13a4d41.txt,line 1: 폴리곤 라벨(6개 점)을 외접 bbox 로 변환했습니다.
issue,train,polygon_label,D:\visual.code\light_pollution\data\train\labels\20251212_210301_jpg.rf.811f356ee090904af3e2c640cfcda299.txt,line 3: 폴리곤 라벨(6개 점)을 외접 bbox 로 변환했습니다.
issue,train,polygon_label,D:\visual.code\light_pollution\data\train\labels\sl_000032_jpg.rf.bd7e8c5dbcc905cb98f035a0220927a7.txt,line 1: 폴리곤 라벨(5개 점)을 외접 bbox 로 변환했습니다.
issue,train,polygon_label,D:\visual.code\light_pollution\data\train\labels\sl_000032_jpg.rf.bd7e8c5dbcc905cb98f035a0220927a7.txt,line 2: 폴리곤 라벨(5개 점)을 외접 bbox 로 변환했습니다.
issue,train,polygon_label,D:\visual.code\light_pollution\data\train\labels\sl_000069_jpg.rf.f928a69dae16a114db51783cdd45d846.txt,line 1: 폴리곤 라벨(5개 점)을 외접 bbox 로 변환했습니다.
issue,train,polygon_label,D:\visual.code\light_pollution\data\train\labels\sl_000069_jpg.rf.f928a69dae16a114db51783cdd45d846.txt,line 2: 폴리곤 라벨(7개 점)을 외접 bbox 로 변환했습니다.
issue,train,polygon_label,D:\visual.code\light_pollution\data\train\labels\sl_000096_jpeg.rf.17bb930ebec9c2b86a769d32e74a8b92.txt,line 5: 폴리곤 라벨(5개 점)을 외접 bbox 로 변환했습니다.
issue,train,polygon_label,D:\visual.code\light_pollution\data\train\labels\sl_000128_jpg.rf.8e99b7b9efe9ccae2c0f750f0861a21b.txt,line 2: 폴리곤 라벨(6개 점)을 외접 bbox 로 변환했습니다.
issue,train,polygon_label,D:\visual.code\light_pollution\data\train\labels\sl_000236_jpg.rf.3b089ca3f6ef3c39c87083da676a9c81.txt,line 15: 폴리곤 라벨(8개 점)을 외접 bbox 로 변환했습니다.
issue,train,polygon_label,D:\visual.code\light_pollution\data\train\labels\sl_000236_jpg.rf.3b089ca3f6ef3c39c87083da676a9c81.txt,line 16: 폴리곤 라벨(5개 점)을 외접 bbox 로 변환했습니다.
issue,train,polygon_label,D:\visual.code\light_pollution\data\train\labels\sl_000297_jpg.rf.d407182799de0ec07f105921deadab4e.txt,line 3: 폴리곤 라벨(16개 점)을 외접 bbox 로 변환했습니다.
issue,train,polygon_label,D:\visual.code\light_pollution\data\train\labels\sl_000306_jpg.rf.00f82604fc5e33208cafe5fbc3c15441.txt,line 10: 폴리곤 라벨(8개 점)을 외접 bbox 로 변환했습니다.
issue,train,polygon_label,D:\visual.code\light_pollution\data\train\labels\sl_000306_jpg.rf.00f82604fc5e33208cafe5fbc3c15441.txt,line 11: 폴리곤 라벨(6개 점)을 외접 bbox 로 변환했습니다.
issue,train,polygon_label,D:\visual.code\light_pollution\data\train\labels\sl_000324_jpg.rf.42dc74acdbc9d3dbb40cca83ff38deae.txt,line 1: 폴리곤 라벨(5개 점)을 외접 bbox 로 변환했습니다.
issue,train,polygon_label,D:\visual.code\light_pollution\data\train\labels\sl_000324_jpg.rf.42dc74acdbc9d3dbb40cca83ff38deae.txt,line 2: 폴리곤 라벨(6개 점)을 외접 bbox 로 변환했습니다.
issue,train,polygon_label,D:\visual.code\light_pollution\data\train\labels\sl_000421_jpg.rf.b22f6b5883d004921a488abecd789d34.txt,line 3: 폴리곤 라벨(8개 점)을 외접 bbox 로 변환했습니다.
issue,train,polygon_label,D:\visual.code\light_pollution\data\train\labels\sl_000423_jpg.rf.03de047d6468479733595c96f9a089d9.txt,line 7: 폴리곤 라벨(9개 점)을 외접 bbox 로 변환했습니다.
issue,train,polygon_label,D:\visual.code\light_pollution\data\train\labels\sl_000435_jpg.rf.e130ba228d74d5191da6746508981538.txt,line 1: 폴리곤 라벨(7개 점)을 외접 bbox 로 변환했습니다.
issue,train,polygon_label,D:\visual.code\light_pollution\data\train\labels\sl_000441_jpg.rf.c140625c33a0f07de36d7eee888d2d37.txt,line 12: 폴리곤 라벨(6개 점)을 외접 bbox 로 변환했습니다.
issue,train,polygon_label,D:\visual.code\light_pollution\data\train\labels\sl_000441_jpg.rf.c140625c33a0f07de36d7eee888d2d37.txt,line 13: 폴리곤 라벨(6개 점)을 외접 bbox 로 변환했습니다.
issue,train,polygon_label,D:\visual.code\light_pollution\data\train\labels\sl_000441_jpg.rf.c140625c33a0f07de36d7eee888d2d37.txt,line 14: 폴리곤 라벨(5개 점)을 외접 bbox 로 변환했습니다.
issue,train,polygon_label,D:\visual.code\light_pollution\data\train\labels\sl_000441_jpg.rf.c140625c33a0f07de36d7eee888d2d37.txt,line 15: 폴리곤 라벨(6개 점)을 외접 bbox 로 변환했습니다.
issue,train,polygon_label,D:\visual.code\light_pollution\data\train\labels\sl_000441_jpg.rf.c140625c33a0f07de36d7eee888d2d37.txt,line 16: 폴리곤 라벨(6개 점)을 외접 bbox 로 변환했습니다.
issue,train,polygon_label,D:\visual.code\light_pollution\data\train\labels\sl_000451_jpg.rf.b878794c7df757e45ac5df4d80dcd76c.txt,line 6: 폴리곤 라벨(7개 점)을 외접 bbox 로 변환했습니다.
issue,train,polygon_label,D:\visual.code\light_pollution\data\train\labels\sl_000451_jpg.rf.b878794c7df757e45ac5df4d80dcd76c.txt,line 10: 폴리곤 라벨(6개 점)을 외접 bbox 로 변환했습니다.
issue,train,polygon_label,D:\visual.code\light_pollution\data\train\labels\sl_000460_jpg.rf.6be3a365b9240a6d46586c1263ab079b.txt,line 1: 폴리곤 라벨(6개 점)을 외접 bbox 로 변환했습니다.
issue,train,polygon_label,D:\visual.code\light_pollution\data\train\labels\sl_000460_jpg.rf.6be3a365b9240a6d46586c1263ab079b.txt,line 3: 폴리곤 라벨(6개 점)을 외접 bbox 로 변환했습니다.
issue,train,polygon_label,D:\visual.code\light_pollution\data\train\labels\sl_000462_jpg.rf.0d62d94f235cf6f075a2f6daf52be750.txt,line 3: 폴리곤 라벨(7개 점)을 외접 bbox 로 변환했습니다.
issue,train,polygon_label,D:\visual.code\light_pollution\data\train\labels\sl_000462_jpg.rf.0d62d94f235cf6f075a2f6daf52be750.txt,line 4: 폴리곤 라벨(6개 점)을 외접 bbox 로 변환했습니다.
issue,train,polygon_label,D:\visual.code\light_pollution\data\train\labels\sl_000462_jpg.rf.0d62d94f235cf6f075a2f6daf52be750.txt,line 5: 폴리곤 라벨(6개 점)을 외접 bbox 로 변환했습니다.
issue,train,polygon_label,D:\visual.code\light_pollution\data\train\labels\sl_000462_jpg.rf.0d62d94f235cf6f075a2f6daf52be750.txt,line 16: 폴리곤 라벨(7개 점)을 외접 bbox 로 변환했습니다.
issue,train,polygon_label,D:\visual.code\light_pollution\data\train\labels\sl_000475_jpg.rf.56417b56afe32569c73f84e527d40ecf.txt,line 1: 폴리곤 라벨(9개 점)을 외접 bbox 로 변환했습니다.
issue,train,polygon_label,D:\visual.code\light_pollution\data\train\labels\sl_000475_jpg.rf.56417b56afe32569c73f84e527d40ecf.txt,line 2: 폴리곤 라벨(10개 점)을 외접 bbox 로 변환했습니다.
issue,train,polygon_label,D:\visual.code\light_pollution\data\train\labels\sl_000475_jpg.rf.56417b56afe32569c73f84e527d40ecf.txt,line 3: 폴리곤 라벨(8개 점)을 외접 bbox 로 변환했습니다.
issue,train,polygon_label,D:\visual.code\light_pollution\data\train\labels\sl_001000_jpg.rf.e4172171dd98a71a311b88810f2e0f1d.txt,line 4: 폴리곤 라벨(10개 점)을 외접 bbox 로 변환했습니다.
issue,train,polygon_label,D:\visual.code\light_pollution\data\train\labels\sl_001044_jpg.rf.04ec359a10395a929cbe0cdba3382b36.txt,line 1: 폴리곤 라벨(5개 점)을 외접 bbox 로 변환했습니다.
issue,train,polygon_label,D:\visual.code\light_pollution\data\train\labels\sl_001044_jpg.rf.04ec359a10395a929cbe0cdba3382b36.txt,line 2: 폴리곤 라벨(6개 점)을 외접 bbox 로 변환했습니다.
issue,val,polygon_label,D:\visual.code\light_pollution\data\valid\labels\20251212_183448_jpg.rf.afd0100d79758e652b5bdff83f28c9be.txt,line 1: 폴리곤 라벨(7개 점)을 외접 bbox 로 변환했습니다.
issue,val,polygon_label,D:\visual.code\light_pollution\data\valid\labels\20251212_183448_jpg.rf.afd0100d79758e652b5bdff83f28c9be.txt,line 2: 폴리곤 라벨(5개 점)을 외접 bbox 로 변환했습니다.
issue,val,polygon_label,D:\visual.code\light_pollution\data\valid\labels\20251212_183448_jpg.rf.afd0100d79758e652b5bdff83f28c9be.txt,line 3: 폴리곤 라벨(8개 점)을 외접 bbox 로 변환했습니다.
issue,val,polygon_label,D:\visual.code\light_pollution\data\valid\labels\20251212_183448_jpg.rf.afd0100d79758e652b5bdff83f28c9be.txt,line 4: 폴리곤 라벨(5개 점)을 외접 bbox 로 변환했습니다.
issue,val,polygon_label,D:\visual.code\light_pollution\data\valid\labels\20251212_183448_jpg.rf.afd0100d79758e652b5bdff83f28c9be.txt,line 5: 폴리곤 라벨(5개 점)을 외접 bbox 로 변환했습니다.
issue,val,polygon_label,D:\visual.code\light_pollution\data\valid\labels\20251212_183448_jpg.rf.afd0100d79758e652b5bdff83f28c9be.txt,line 6: 폴리곤 라벨(5개 점)을 외접 bbox 로 변환했습니다.
issue,val,polygon_label,D:\visual.code\light_pollution\data\valid\labels\20251212_183813_jpg.rf.06ce8fd98f05df6b77bf622ce6996adb.txt,line 1: 폴리곤 라벨(6개 점)을 외접 bbox 로 변환했습니다.
issue,val,polygon_label,D:\visual.code\light_pollution\data\valid\labels\20251212_183813_jpg.rf.06ce8fd98f05df6b77bf622ce6996adb.txt,line 2: 폴리곤 라벨(5개 점)을 외접 bbox 로 변환했습니다.
issue,val,polygon_label,D:\visual.code\light_pollution\data\valid\labels\20251212_183813_jpg.rf.06ce8fd98f05df6b77bf622ce6996adb.txt,line 3: 폴리곤 라벨(5개 점)을 외접 bbox 로 변환했습니다.
issue,val,polygon_label,D:\visual.code\light_pollution\data\valid\labels\20251212_183813_jpg.rf.06ce8fd98f05df6b77bf622ce6996adb.txt,line 4: 폴리곤 라벨(5개 점)을 외접 bbox 로 변환했습니다.
issue,val,polygon_label,D:\visual.code\light_pollution\data\valid\labels\20251212_183813_jpg.rf.06ce8fd98f05df6b77bf622ce6996adb.txt,line 5: 폴리곤 라벨(6개 점)을 외접 bbox 로 변환했습니다.
issue,val,polygon_label,D:\visual.code\light_pollution\data\valid\labels\20251212_183813_jpg.rf.06ce8fd98f05df6b77bf622ce6996adb.txt,line 6: 폴리곤 라벨(5개 점)을 외접 bbox 로 변환했습니다.
issue,val,polygon_label,D:\visual.code\light_pollution\data\valid\labels\20251212_183813_jpg.rf.06ce8fd98f05df6b77bf622ce6996adb.txt,line 7: 폴리곤 라벨(8개 점)을 외접 bbox 로 변환했습니다.
issue,val,polygon_label,D:\visual.code\light_pollution\data\valid\labels\20251212_183813_jpg.rf.06ce8fd98f05df6b77bf622ce6996adb.txt,line 8: 폴리곤 라벨(6개 점)을 외접 bbox 로 변환했습니다.
issue,val,polygon_label,D:\visual.code\light_pollution\data\valid\labels\20251212_183813_jpg.rf.06ce8fd98f05df6b77bf622ce6996adb.txt,line 9: 폴리곤 라벨(6개 점)을 외접 bbox 로 변환했습니다.
issue,val,polygon_label,D:\visual.code\light_pollution\data\valid\labels\20251212_184114_jpg.rf.c304016ccdbceceab2e881356de1ed75.txt,line 1: 폴리곤 라벨(5개 점)을 외접 bbox 로 변환했습니다.
issue,val,polygon_label,D:\visual.code\light_pollution\data\valid\labels\20251212_184212_jpg.rf.7f1a04bc30dfa352cbf3a2ddad6f131a.txt,line 1: 폴리곤 라벨(6개 점)을 외접 bbox 로 변환했습니다.
issue,val,polygon_label,D:\visual.code\light_pollution\data\valid\labels\20251212_184849_jpg.rf.0bd6d77b3c19c2d2e7d045509fb6c950.txt,line 1: 폴리곤 라벨(6개 점)을 외접 bbox 로 변환했습니다.
issue,val,polygon_label,D:\visual.code\light_pollution\data\valid\labels\20251212_184849_jpg.rf.0bd6d77b3c19c2d2e7d045509fb6c950.txt,line 2: 폴리곤 라벨(6개 점)을 외접 bbox 로 변환했습니다.
issue,val,polygon_label,D:\visual.code\light_pollution\data\valid\labels\20251212_184849_jpg.rf.0bd6d77b3c19c2d2e7d045509fb6c950.txt,line 3: 폴리곤 라벨(5개 점)을 외접 bbox 로 변환했습니다.
issue,val,polygon_label,D:\visual.code\light_pollution\data\valid\labels\20251212_184849_jpg.rf.0bd6d77b3c19c2d2e7d045509fb6c950.txt,line 4: 폴리곤 라벨(5개 점)을 외접 bbox 로 변환했습니다.
issue,val,polygon_label,D:\visual.code\light_pollution\data\valid\labels\20251212_184849_jpg.rf.0bd6d77b3c19c2d2e7d045509fb6c950.txt,line 5: 폴리곤 라벨(6개 점)을 외접 bbox 로 변환했습니다.
issue,val,polygon_label,D:\visual.code\light_pollution\data\valid\labels\20251212_184849_jpg.rf.0bd6d77b3c19c2d2e7d045509fb6c950.txt,line 6: 폴리곤 라벨(10개 점)을 외접 bbox 로 변환했습니다.
issue,val,polygon_label,D:\visual.code\light_pollution\data\valid\labels\20251212_184849_jpg.rf.0bd6d77b3c19c2d2e7d045509fb6c950.txt,line 7: 폴리곤 라벨(6개 점)을 외접 bbox 로 변환했습니다.
issue,val,polygon_label,D:\visual.code\light_pollution\data\valid\labels\20251212_184849_jpg.rf.0bd6d77b3c19c2d2e7d045509fb6c950.txt,line 8: 폴리곤 라벨(4개 점)을 외접 bbox 로 변환했습니다.
issue,val,polygon_label,D:\visual.code\light_pollution\data\valid\labels\20251212_184849_jpg.rf.0bd6d77b3c19c2d2e7d045509fb6c950.txt,line 9: 폴리곤 라벨(5개 점)을 외접 bbox 로 변환했습니다.
issue,val,polygon_label,D:\visual.code\light_pollution\data\valid\labels\20251212_185235_jpg.rf.397a9fe339180ac85e7638b4c3fae33e.txt,line 1: 폴리곤 라벨(6개 점)을 외접 bbox 로 변환했습니다.
issue,val,polygon_label,D:\visual.code\light_pollution\data\valid\labels\20251212_185458_jpg.rf.d4e8a68e5459c14401ad204ae07586af.txt,line 1: 폴리곤 라벨(5개 점)을 외접 bbox 로 변환했습니다.
issue,val,polygon_label,D:\visual.code\light_pollution\data\valid\labels\20251212_185458_jpg.rf.d4e8a68e5459c14401ad204ae07586af.txt,line 2: 폴리곤 라벨(5개 점)을 외접 bbox 로 변환했습니다.
issue,val,polygon_label,D:\visual.code\light_pollution\data\valid\labels\20251212_190052_jpg.rf.f56647214c1d4e99169fe1190c1aa2ca.txt,line 1: 폴리곤 라벨(6개 점)을 외접 bbox 로 변환했습니다.
issue,val,polygon_label,D:\visual.code\light_pollution\data\valid\labels\20251212_190113_jpg.rf.fc536206cc0125ffbb57342437088a35.txt,line 1: 폴리곤 라벨(7개 점)을 외접 bbox 로 변환했습니다.
issue,val,polygon_label,D:\visual.code\light_pollution\data\valid\labels\20251212_190113_jpg.rf.fc536206cc0125ffbb57342437088a35.txt,line 2: 폴리곤 라벨(4개 점)을 외접 bbox 로 변환했습니다.
issue,val,polygon_label,D:\visual.code\light_pollution\data\valid\labels\20251212_190711_jpg.rf.4bc2c4075ec1c5efc6bfc6c40003daad.txt,line 1: 폴리곤 라벨(6개 점)을 외접 bbox 로 변환했습니다.
issue,val,polygon_label,D:\visual.code\light_pollution\data\valid\labels\20251212_190711_jpg.rf.4bc2c4075ec1c5efc6bfc6c40003daad.txt,line 5: 폴리곤 라벨(6개 점)을 외접 bbox 로 변환했습니다.
issue,val,polygon_label,D:\visual.code\light_pollution\data\valid\labels\20251212_190958_jpg.rf.f5924a878e719d6cb69f9d5484779e36.txt,line 1: 폴리곤 라벨(6개 점)을 외접 bbox 로 변환했습니다.
issue,val,polygon_label,D:\visual.code\light_pollution\data\valid\labels\20251212_191607_jpg.rf.200332a3a53d4fcfd6b78ec621b3968f.txt,line 1: 폴리곤 라벨(6개 점)을 외접 bbox 로 변환했습니다.
issue,val,polygon_label,D:\visual.code\light_pollution\data\valid\labels\20251212_191833_jpg.rf.c53ad761224cf1aac0c34095911eee02.txt,line 1: 폴리곤 라벨(5개 점)을 외접 bbox 로 변환했습니다.
issue,val,polygon_label,D:\visual.code\light_pollution\data\valid\labels\20251212_191833_jpg.rf.c53ad761224cf1aac0c34095911eee02.txt,line 4: 폴리곤 라벨(5개 점)을 외접 bbox 로 변환했습니다.
issue,val,polygon_label,D:\visual.code\light_pollution\data\valid\labels\20251212_191833_jpg.rf.c53ad761224cf1aac0c34095911eee02.txt,line 5: 폴리곤 라벨(5개 점)을 외접 bbox 로 변환했습니다.
issue,val,polygon_label,D:\visual.code\light_pollution\data\valid\labels\20251212_191833_jpg.rf.c53ad761224cf1aac0c34095911eee02.txt,line 6: 폴리곤 라벨(11개 점)을 외접 bbox 로 변환했습니다.
issue,val,polygon_label,D:\visual.code\light_pollution\data\valid\labels\20251212_191833_jpg.rf.c53ad761224cf1aac0c34095911eee02.txt,line 7: 폴리곤 라벨(6개 점)을 외접 bbox 로 변환했습니다.
issue,val,polygon_label,D:\visual.code\light_pollution\data\valid\labels\20251212_192745_jpg.rf.2aad1fabb4e3cbb46c51bc20d5a907e4.txt,line 2: 폴리곤 라벨(5개 점)을 외접 bbox 로 변환했습니다.
issue,val,polygon_label,D:\visual.code\light_pollution\data\valid\labels\20251212_194253_jpg.rf.d522c0252dbf19c95534142982fcfd16.txt,line 1: 폴리곤 라벨(9개 점)을 외접 bbox 로 변환했습니다.
issue,val,polygon_label,D:\visual.code\light_pollution\data\valid\labels\20251212_194451_jpg.rf.0107f08a2e320d6f800c62fd38c64052.txt,line 1: 폴리곤 라벨(6개 점)을 외접 bbox 로 변환했습니다.
issue,val,polygon_label,D:\visual.code\light_pollution\data\valid\labels\20251212_194502_jpg.rf.d23614cb459454cd3a881afec8a6d212.txt,line 1: 폴리곤 라벨(6개 점)을 외접 bbox 로 변환했습니다.
issue,val,polygon_label,D:\visual.code\light_pollution\data\valid\labels\20251212_194716_jpg.rf.a6de9b568b561edeb3c3b6e8841dd955.txt,line 1: 폴리곤 라벨(8개 점)을 외접 bbox 로 변환했습니다.
issue,val,polygon_label,D:\visual.code\light_pollution\data\valid\labels\20251212_194804_jpg.rf.c06d116034cf6ca5fbc0d919e6169b91.txt,line 1: 폴리곤 라벨(15개 점)을 외접 bbox 로 변환했습니다.
issue,val,polygon_label,D:\visual.code\light_pollution\data\valid\labels\20251212_195539_jpg.rf.abfe9789886566292079de02fcb6e3a4.txt,line 1: 폴리곤 라벨(5개 점)을 외접 bbox 로 변환했습니다.
issue,val,polygon_label,D:\visual.code\light_pollution\data\valid\labels\20251212_195646_jpg.rf.d69e2bfe7f822af9714c71c90b45a8cb.txt,line 1: 폴리곤 라벨(5개 점)을 외접 bbox 로 변환했습니다.
issue,val,polygon_label,D:\visual.code\light_pollution\data\valid\labels\20251212_195646_jpg.rf.d69e2bfe7f822af9714c71c90b45a8cb.txt,line 7: 폴리곤 라벨(5개 점)을 외접 bbox 로 변환했습니다.
issue,val,polygon_label,D:\visual.code\light_pollution\data\valid\labels\20251212_195646_jpg.rf.d69e2bfe7f822af9714c71c90b45a8cb.txt,line 8: 폴리곤 라벨(5개 점)을 외접 bbox 로 변환했습니다.
issue,val,polygon_label,D:\visual.code\light_pollution\data\valid\labels\20251212_195646_jpg.rf.d69e2bfe7f822af9714c71c90b45a8cb.txt,line 9: 폴리곤 라벨(5개 점)을 외접 bbox 로 변환했습니다.
issue,val,polygon_label,D:\visual.code\light_pollution\data\valid\labels\20251212_195741_jpg.rf.44dfdbe613d1e929ff0378bb0b07bac0.txt,line 1: 폴리곤 라벨(5개 점)을 외접 bbox 로 변환했습니다.
issue,val,polygon_label,D:\visual.code\light_pollution\data\valid\labels\20251212_195741_jpg.rf.44dfdbe613d1e929ff0378bb0b07bac0.txt,line 3: 폴리곤 라벨(7개 점)을 외접 bbox 로 변환했습니다.
issue,val,polygon_label,D:\visual.code\light_pollution\data\valid\labels\20251212_200203_jpg.rf.492d41cdd66c458529f4acb7d282626a.txt,line 1: 폴리곤 라벨(5개 점)을 외접 bbox 로 변환했습니다.
issue,val,polygon_label,D:\visual.code\light_pollution\data\valid\labels\20251212_200203_jpg.rf.492d41cdd66c458529f4acb7d282626a.txt,line 2: 폴리곤 라벨(5개 점)을 외접 bbox 로 변환했습니다.
issue,val,polygon_label,D:\visual.code\light_pollution\data\valid\labels\20251212_200203_jpg.rf.492d41cdd66c458529f4acb7d282626a.txt,line 10: 폴리곤 라벨(6개 점)을 외접 bbox 로 변환했습니다.
issue,val,polygon_label,D:\visual.code\light_pollution\data\valid\labels\20251212_200203_jpg.rf.492d41cdd66c458529f4acb7d282626a.txt,line 11: 폴리곤 라벨(5개 점)을 외접 bbox 로 변환했습니다.
issue,val,polygon_label,D:\visual.code\light_pollution\data\valid\labels\20251212_200203_jpg.rf.492d41cdd66c458529f4acb7d282626a.txt,line 12: 폴리곤 라벨(6개 점)을 외접 bbox 로 변환했습니다.
issue,val,polygon_label,D:\visual.code\light_pollution\data\valid\labels\20251212_200203_jpg.rf.492d41cdd66c458529f4acb7d282626a.txt,line 13: 폴리곤 라벨(6개 점)을 외접 bbox 로 변환했습니다.
issue,val,polygon_label,D:\visual.code\light_pollution\data\valid\labels\20251212_200203_jpg.rf.492d41cdd66c458529f4acb7d282626a.txt,line 15: 폴리곤 라벨(5개 점)을 외접 bbox 로 변환했습니다.
issue,val,polygon_label,D:\visual.code\light_pollution\data\valid\labels\20251212_200203_jpg.rf.492d41cdd66c458529f4acb7d282626a.txt,line 16: 폴리곤 라벨(10개 점)을 외접 bbox 로 변환했습니다.
issue,val,polygon_label,D:\visual.code\light_pollution\data\valid\labels\20251212_200224_jpg.rf.d3e39d540a0bf437ecfe5d46d91219a4.txt,line 2: 폴리곤 라벨(5개 점)을 외접 bbox 로 변환했습니다.
issue,val,polygon_label,D:\visual.code\light_pollution\data\valid\labels\20251212_200224_jpg.rf.d3e39d540a0bf437ecfe5d46d91219a4.txt,line 4: 폴리곤 라벨(8개 점)을 외접 bbox 로 변환했습니다.
issue,val,polygon_label,D:\visual.code\light_pollution\data\valid\labels\20251212_200544_jpg.rf.491ed2c780740613cfbf713fd4aff8f3.txt,line 1: 폴리곤 라벨(5개 점)을 외접 bbox 로 변환했습니다.
issue,val,polygon_label,D:\visual.code\light_pollution\data\valid\labels\20251212_200912_jpg.rf.bd8c28893608e62c8669dee0beb4f13d.txt,line 1: 폴리곤 라벨(12개 점)을 외접 bbox 로 변환했습니다.
issue,val,polygon_label,D:\visual.code\light_pollution\data\valid\labels\20251212_200917_jpg.rf.982d5a4917df96beca11c8a546e84dde.txt,line 3: 폴리곤 라벨(6개 점)을 외접 bbox 로 변환했습니다.
issue,val,polygon_label,D:\visual.code\light_pollution\data\valid\labels\20251212_201343_jpg.rf.fe14ed901f80e9fd8074d965e37d4b6f.txt,line 1: 폴리곤 라벨(6개 점)을 외접 bbox 로 변환했습니다.
issue,val,polygon_label,D:\visual.code\light_pollution\data\valid\labels\20251212_201835_jpg.rf.b1a94d18990730482fcb2c413a7852dc.txt,line 2: 폴리곤 라벨(6개 점)을 외접 bbox 로 변환했습니다.
issue,val,polygon_label,D:\visual.code\light_pollution\data\valid\labels\20251212_201835_jpg.rf.b1a94d18990730482fcb2c413a7852dc.txt,line 3: 폴리곤 라벨(5개 점)을 외접 bbox 로 변환했습니다.
issue,val,polygon_label,D:\visual.code\light_pollution\data\valid\labels\20251212_201835_jpg.rf.b1a94d18990730482fcb2c413a7852dc.txt,line 4: 폴리곤 라벨(7개 점)을 외접 bbox 로 변환했습니다.
issue,val,polygon_label,D:\visual.code\light_pollution\data\valid\labels\20251212_201857_jpg.rf.39837562adb19c979c44e8b0ea3264fd.txt,line 1: 폴리곤 라벨(5개 점)을 외접 bbox 로 변환했습니다.
issue,val,polygon_label,D:\visual.code\light_pollution\data\valid\labels\20251212_201857_jpg.rf.39837562adb19c979c44e8b0ea3264fd.txt,line 3: 폴리곤 라벨(5개 점)을 외접 bbox 로 변환했습니다.
issue,val,polygon_label,D:\visual.code\light_pollution\data\valid\labels\20251212_201857_jpg.rf.39837562adb19c979c44e8b0ea3264fd.txt,line 4: 폴리곤 라벨(4개 점)을 외접 bbox 로 변환했습니다.
issue,val,polygon_label,D:\visual.code\light_pollution\data\valid\labels\20251212_201857_jpg.rf.39837562adb19c979c44e8b0ea3264fd.txt,line 5: 폴리곤 라벨(6개 점)을 외접 bbox 로 변환했습니다.
issue,val,polygon_label,D:\visual.code\light_pollution\data\valid\labels\20251212_202311_jpg.rf.cdd633b79369324bf8f4e75d72ecf6d8.txt,line 1: 폴리곤 라벨(6개 점)을 외접 bbox 로 변환했습니다.
issue,val,polygon_label,D:\visual.code\light_pollution\data\valid\labels\20251212_202416_jpg.rf.3d90aca2f2e2fffccb394844ba0a6c36.txt,line 1: 폴리곤 라벨(5개 점)을 외접 bbox 로 변환했습니다.
issue,val,polygon_label,D:\visual.code\light_pollution\data\valid\labels\20251212_202519_jpg.rf.ffbba6df6af57461a7b1aaac51aba1d4.txt,line 1: 폴리곤 라벨(5개 점)을 외접 bbox 로 변환했습니다.
issue,val,polygon_label,D:\visual.code\light_pollution\data\valid\labels\20251212_202550_jpg.rf.a0de61b6bf4c70851da1d3d1c1b5459e.txt,line 1: 폴리곤 라벨(5개 점)을 외접 bbox 로 변환했습니다.
issue,val,polygon_label,D:\visual.code\light_pollution\data\valid\labels\20251212_203026_jpg.rf.43780a7cd19e7a7583d1199a52c9f9c1.txt,line 3: 폴리곤 라벨(5개 점)을 외접 bbox 로 변환했습니다.
issue,val,polygon_label,D:\visual.code\light_pollution\data\valid\labels\20251212_203209_jpg.rf.f65e45bd9e0f52de5cb177d76ea98a7f.txt,line 5: 폴리곤 라벨(6개 점)을 외접 bbox 로 변환했습니다.
issue,val,polygon_label,D:\visual.code\light_pollution\data\valid\labels\20251212_203748_jpg.rf.caae23e085c8d0a1bedc0953a67f49bd.txt,line 1: 폴리곤 라벨(5개 점)을 외접 bbox 로 변환했습니다.
issue,val,polygon_label,D:\visual.code\light_pollution\data\valid\labels\20251212_204046_jpg.rf.4af6fb79b83c1563950db5e7d4d20f81.txt,line 1: 폴리곤 라벨(9개 점)을 외접 bbox 로 변환했습니다.
issue,val,polygon_label,D:\visual.code\light_pollution\data\valid\labels\20251212_204046_jpg.rf.4af6fb79b83c1563950db5e7d4d20f81.txt,line 4: 폴리곤 라벨(5개 점)을 외접 bbox 로 변환했습니다.
issue,val,polygon_label,D:\visual.code\light_pollution\data\valid\labels\20251212_204103_jpg.rf.816c0da38b98fd8a79493b3c3783fa90.txt,line 1: 폴리곤 라벨(14개 점)을 외접 bbox 로 변환했습니다.
issue,val,polygon_label,D:\visual.code\light_pollution\data\valid\labels\20251212_204103_jpg.rf.816c0da38b98fd8a79493b3c3783fa90.txt,line 2: 폴리곤 라벨(5개 점)을 외접 bbox 로 변환했습니다.
issue,val,polygon_label,D:\visual.code\light_pollution\data\valid\labels\20251212_204103_jpg.rf.816c0da38b98fd8a79493b3c3783fa90.txt,line 3: 폴리곤 라벨(6개 점)을 외접 bbox 로 변환했습니다.
issue,val,polygon_label,D:\visual.code\light_pollution\data\valid\labels\20251212_204103_jpg.rf.816c0da38b98fd8a79493b3c3783fa90.txt,line 8: 폴리곤 라벨(6개 점)을 외접 bbox 로 변환했습니다.
issue,val,polygon_label,D:\visual.code\light_pollution\data\valid\labels\20251212_204112_jpg.rf.bf071911940e28670309b3a596eac7f6.txt,line 1: 폴리곤 라벨(5개 점)을 외접 bbox 로 변환했습니다.
issue,val,polygon_label,D:\visual.code\light_pollution\data\valid\labels\20251212_204116_jpg.rf.dfc749abb9a1db962c822f03a506f15e.txt,line 1: 폴리곤 라벨(5개 점)을 외접 bbox 로 변환했습니다.
issue,val,polygon_label,D:\visual.code\light_pollution\data\valid\labels\20251212_204219_jpg.rf.c29b8d8ff3b65685fd295d804965a186.txt,line 1: 폴리곤 라벨(5개 점)을 외접 bbox 로 변환했습니다.
issue,val,polygon_label,D:\visual.code\light_pollution\data\valid\labels\20251212_204325_jpg.rf.013e20a376daa775f1b8ef7896fadda9.txt,line 1: 폴리곤 라벨(5개 점)을 외접 bbox 로 변환했습니다.
issue,val,polygon_label,D:\visual.code\light_pollution\data\valid\labels\20251212_204600_jpg.rf.bff65a9d60afef3b5df5d6bfc0ab8042.txt,line 1: 폴리곤 라벨(5개 점)을 외접 bbox 로 변환했습니다.
issue,val,polygon_label,D:\visual.code\light_pollution\data\valid\labels\20251212_204811_jpg.rf.78cb11fa8d36470ee09fc5f7750a0349.txt,line 1: 폴리곤 라벨(5개 점)을 외접 bbox 로 변환했습니다.
issue,val,polygon_label,D:\visual.code\light_pollution\data\valid\labels\sl_000323_jpg.rf.a5f267cc1c1165ee402624f06bd502f1.txt,line 1: 폴리곤 라벨(8개 점)을 외접 bbox 로 변환했습니다.
issue,val,polygon_label,D:\visual.code\light_pollution\data\valid\labels\sl_000323_jpg.rf.a5f267cc1c1165ee402624f06bd502f1.txt,line 2: 폴리곤 라벨(5개 점)을 외접 bbox 로 변환했습니다.
issue,val,polygon_label,D:\visual.code\light_pollution\data\valid\labels\sl_000323_jpg.rf.a5f267cc1c1165ee402624f06bd502f1.txt,line 3: 폴리곤 라벨(5개 점)을 외접 bbox 로 변환했습니다.
issue,val,polygon_label,D:\visual.code\light_pollution\data\valid\labels\sl_000323_jpg.rf.a5f267cc1c1165ee402624f06bd502f1.txt,line 4: 폴리곤 라벨(5개 점)을 외접 bbox 로 변환했습니다.
issue,val,polygon_label,D:\visual.code\light_pollution\data\valid\labels\sl_000323_jpg.rf.a5f267cc1c1165ee402624f06bd502f1.txt,line 5: 폴리곤 라벨(9개 점)을 외접 bbox 로 변환했습니다.
issue,val,polygon_label,D:\visual.code\light_pollution\data\valid\labels\sl_000323_jpg.rf.a5f267cc1c1165ee402624f06bd502f1.txt,line 6: 폴리곤 라벨(5개 점)을 외접 bbox 로 변환했습니다.
issue,val,polygon_label,D:\visual.code\light_pollution\data\valid\labels\sl_000323_jpg.rf.a5f267cc1c1165ee402624f06bd502f1.txt,line 7: 폴리곤 라벨(5개 점)을 외접 bbox 로 변환했습니다.
issue,val,polygon_label,D:\visual.code\light_pollution\data\valid\labels\sl_000430_jpg.rf.6f5ae629717f1a150679df977af6c4ae.txt,line 1: 폴리곤 라벨(7개 점)을 외접 bbox 로 변환했습니다.
issue,val,polygon_label,D:\visual.code\light_pollution\data\valid\labels\sl_000430_jpg.rf.6f5ae629717f1a150679df977af6c4ae.txt,line 2: 폴리곤 라벨(10개 점)을 외접 bbox 로 변환했습니다.
issue,val,polygon_label,D:\visual.code\light_pollution\data\valid\labels\sl_000430_jpg.rf.6f5ae629717f1a150679df977af6c4ae.txt,line 7: 폴리곤 라벨(6개 점)을 외접 bbox 로 변환했습니다.
issue,val,polygon_label,D:\visual.code\light_pollution\data\valid\labels\sl_000430_jpg.rf.6f5ae629717f1a150679df977af6c4ae.txt,line 8: 폴리곤 라벨(6개 점)을 외접 bbox 로 변환했습니다.
issue,val,polygon_label,D:\visual.code\light_pollution\data\valid\labels\sl_000824_jpg.rf.edc9152f4abef846a09e6c1eed4c8fcb.txt,line 3: 폴리곤 라벨(5개 점)을 외접 bbox 로 변환했습니다.
issue,val,polygon_label,D:\visual.code\light_pollution\data\valid\labels\sl_000923_jpg.rf.950093aee06865e29aceb9a8ba18ed49.txt,line 8: 폴리곤 라벨(6개 점)을 외접 bbox 로 변환했습니다.
issue,test,polygon_label,D:\visual.code\light_pollution\data\test\labels\20251212_183625_jpg.rf.7126f9fc4c26fd812e639740d9cf4776.txt,line 1: 폴리곤 라벨(6개 점)을 외접 bbox 로 변환했습니다.
issue,test,polygon_label,D:\visual.code\light_pollution\data\test\labels\20251212_183653_jpg.rf.542e3c42c3a74aeaa80b616b621cc6f6.txt,line 2: 폴리곤 라벨(10개 점)을 외접 bbox 로 변환했습니다.
issue,test,polygon_label,D:\visual.code\light_pollution\data\test\labels\20251212_183653_jpg.rf.542e3c42c3a74aeaa80b616b621cc6f6.txt,line 3: 폴리곤 라벨(8개 점)을 외접 bbox 로 변환했습니다.
issue,test,polygon_label,D:\visual.code\light_pollution\data\test\labels\20251212_183811_jpg.rf.75c7b7c1d05de986816b34e82b2b924d.txt,line 1: 폴리곤 라벨(20개 점)을 외접 bbox 로 변환했습니다.
issue,test,polygon_label,D:\visual.code\light_pollution\data\test\labels\20251212_183811_jpg.rf.75c7b7c1d05de986816b34e82b2b924d.txt,line 7: 폴리곤 라벨(15개 점)을 외접 bbox 로 변환했습니다.
issue,test,polygon_label,D:\visual.code\light_pollution\data\test\labels\20251212_185130_jpg.rf.0a7b78ded7940d57ada612d5b4a1a2c8.txt,line 1: 폴리곤 라벨(5개 점)을 외접 bbox 로 변환했습니다.
issue,test,polygon_label,D:\visual.code\light_pollution\data\test\labels\20251212_185255_jpg.rf.b5164c880be8a41f9cc41fcf4dcb1d16.txt,line 1: 폴리곤 라벨(6개 점)을 외접 bbox 로 변환했습니다.
issue,test,polygon_label,D:\visual.code\light_pollution\data\test\labels\20251212_192236_jpg.rf.7db9de24d7cb5e4ce2f6a3a1402a8f65.txt,line 3: 폴리곤 라벨(9개 점)을 외접 bbox 로 변환했습니다.
issue,test,polygon_label,D:\visual.code\light_pollution\data\test\labels\20251212_193637_jpg.rf.0af6fa50b64bc2879a0c4ea69ab3bda4.txt,line 1: 폴리곤 라벨(5개 점)을 외접 bbox 로 변환했습니다.
issue,test,polygon_label,D:\visual.code\light_pollution\data\test\labels\20251212_194120_jpg.rf.4b6037a4fa8256a8b76d76bc5d5b3d62.txt,line 1: 폴리곤 라벨(7개 점)을 외접 bbox 로 변환했습니다.
issue,test,polygon_label,D:\visual.code\light_pollution\data\test\labels\20251212_195058_jpg.rf.5e30771ba639bba9e832d0bae8843e00.txt,line 1: 폴리곤 라벨(9개 점)을 외접 bbox 로 변환했습니다.
issue,test,polygon_label,D:\visual.code\light_pollution\data\test\labels\20251212_195925_jpg.rf.c978ab02d40cffc9281871eccf7a7526.txt,line 3: 폴리곤 라벨(5개 점)을 외접 bbox 로 변환했습니다.
issue,test,polygon_label,D:\visual.code\light_pollution\data\test\labels\20251212_195925_jpg.rf.c978ab02d40cffc9281871eccf7a7526.txt,line 5: 폴리곤 라벨(5개 점)을 외접 bbox 로 변환했습니다.
issue,test,polygon_label,D:\visual.code\light_pollution\data\test\labels\20251212_200742_jpg.rf.02f043e559cb04f5ac0019c248f710fa.txt,line 1: 폴리곤 라벨(6개 점)을 외접 bbox 로 변환했습니다.
issue,test,polygon_label,D:\visual.code\light_pollution\data\test\labels\20251212_200742_jpg.rf.02f043e559cb04f5ac0019c248f710fa.txt,line 2: 폴리곤 라벨(5개 점)을 외접 bbox 로 변환했습니다.
issue,test,polygon_label,D:\visual.code\light_pollution\data\test\labels\20251212_200742_jpg.rf.02f043e559cb04f5ac0019c248f710fa.txt,line 3: 폴리곤 라벨(6개 점)을 외접 bbox 로 변환했습니다.
issue,test,polygon_label,D:\visual.code\light_pollution\data\test\labels\20251212_200742_jpg.rf.02f043e559cb04f5ac0019c248f710fa.txt,line 4: 폴리곤 라벨(5개 점)을 외접 bbox 로 변환했습니다.
issue,test,polygon_label,D:\visual.code\light_pollution\data\test\labels\20251212_202035_jpg.rf.8bcbc9302d159c6765553f7d4d1adbb3.txt,line 1: 폴리곤 라벨(6개 점)을 외접 bbox 로 변환했습니다.
issue,test,polygon_label,D:\visual.code\light_pollution\data\test\labels\20251212_202325_jpg.rf.74e8700bec176061e4176e77eb74386f.txt,line 1: 폴리곤 라벨(6개 점)을 외접 bbox 로 변환했습니다.
issue,test,polygon_label,D:\visual.code\light_pollution\data\test\labels\20251212_202325_jpg.rf.74e8700bec176061e4176e77eb74386f.txt,line 2: 폴리곤 라벨(5개 점)을 외접 bbox 로 변환했습니다.
issue,test,polygon_label,D:\visual.code\light_pollution\data\test\labels\20251212_203206_jpg.rf.e217e8bdd9336e45fdf22266d97cee83.txt,line 4: 폴리곤 라벨(6개 점)을 외접 bbox 로 변환했습니다.
issue,test,polygon_label,D:\visual.code\light_pollution\data\test\labels\20251212_203442_jpg.rf.af00c88b4f36ad6ad42f1675148e56b0.txt,line 2: 폴리곤 라벨(6개 점)을 외접 bbox 로 변환했습니다.
issue,test,polygon_label,D:\visual.code\light_pollution\data\test\labels\20251212_203751_jpg.rf.d7700a48feb4d948a7fa3eb9d8d8d1eb.txt,line 1: 폴리곤 라벨(6개 점)을 외접 bbox 로 변환했습니다.
issue,test,polygon_label,D:\visual.code\light_pollution\data\test\labels\20251212_203751_jpg.rf.d7700a48feb4d948a7fa3eb9d8d8d1eb.txt,line 3: 폴리곤 라벨(5개 점)을 외접 bbox 로 변환했습니다.
issue,test,polygon_label,D:\visual.code\light_pollution\data\test\labels\20251212_203751_jpg.rf.d7700a48feb4d948a7fa3eb9d8d8d1eb.txt,line 4: 폴리곤 라벨(6개 점)을 외접 bbox 로 변환했습니다.
issue,test,polygon_label,D:\visual.code\light_pollution\data\test\labels\20251212_203953_jpg.rf.42dc1f5aec59f946971493fa23e6b42e.txt,line 1: 폴리곤 라벨(5개 점)을 외접 bbox 로 변환했습니다.
issue,test,polygon_label,D:\visual.code\light_pollution\data\test\labels\20251212_203953_jpg.rf.42dc1f5aec59f946971493fa23e6b42e.txt,line 7: 폴리곤 라벨(6개 점)을 외접 bbox 로 변환했습니다.
issue,test,polygon_label,D:\visual.code\light_pollution\data\test\labels\20251212_203953_jpg.rf.42dc1f5aec59f946971493fa23e6b42e.txt,line 8: 폴리곤 라벨(5개 점)을 외접 bbox 로 변환했습니다.
issue,test,polygon_label,D:\visual.code\light_pollution\data\test\labels\20251212_204821_jpg.rf.7642cdebdde41aaa07068822694789e3.txt,line 1: 폴리곤 라벨(5개 점)을 외접 bbox 로 변환했습니다.
issue,test,polygon_label,D:\visual.code\light_pollution\data\test\labels\20251212_205139_jpg.rf.7e2ce49bd94984fd4ec40dc5b6c6f2f1.txt,line 1: 폴리곤 라벨(6개 점)을 외접 bbox 로 변환했습니다.
issue,test,polygon_label,D:\visual.code\light_pollution\data\test\labels\20251212_205139_jpg.rf.7e2ce49bd94984fd4ec40dc5b6c6f2f1.txt,line 2: 폴리곤 라벨(7개 점)을 외접 bbox 로 변환했습니다.
issue,test,polygon_label,D:\visual.code\light_pollution\data\test\labels\20251212_205139_jpg.rf.7e2ce49bd94984fd4ec40dc5b6c6f2f1.txt,line 4: 폴리곤 라벨(5개 점)을 외접 bbox 로 변환했습니다.
issue,test,polygon_label,D:\visual.code\light_pollution\data\test\labels\20251212_210137_jpg.rf.2389b9e130afe4e64df4a1b4bd494a7f.txt,line 3: 폴리곤 라벨(5개 점)을 외접 bbox 로 변환했습니다.
issue,test,polygon_label,D:\visual.code\light_pollution\data\test\labels\20251212_210137_jpg.rf.2389b9e130afe4e64df4a1b4bd494a7f.txt,line 4: 폴리곤 라벨(5개 점)을 외접 bbox 로 변환했습니다.
issue,test,polygon_label,D:\visual.code\light_pollution\data\test\labels\sl_000217_jpg.rf.15bcaa44db7718b7558885d52d32cc87.txt,line 4: 폴리곤 라벨(5개 점)을 외접 bbox 로 변환했습니다.
issue,test,polygon_label,D:\visual.code\light_pollution\data\test\labels\sl_000427_jpg.rf.11dae35a047c0d5b9b9367892478023e.txt,line 2: 폴리곤 라벨(6개 점)을 외접 bbox 로 변환했습니다.
